overall_rank,player_id,player_display_name,position,primary_team_2025,predicted_2026_fantasy_points_ppr,prediction_interval_low,prediction_interval_high,replacement_points,vorp,vorp_low,vorp_high,auction_value,adp,adp_formatted,adp_overall_rank,edge_vs_adp,bye,adp_total_drafts,adp_window_end,is_rookie_projection
1,00-0039075,Puka Nacua,WR,LA,309.359435176,229.35605925,389.362811102,134.583314587,174.776120589,94.772744663,254.779496515,99,2.6,1.03,3,2,11,943,2026-07-04,False
2,00-0038542,Bijan Robinson,RB,ATL,299.125182964,205.200885687,393.049480242,128.207979266,170.917203698,76.992906421,264.841500976,97,1.5,1.02,1,-1,11,943,2026-07-04,False
3,00-0038543,Jaxon Smith-Njigba,WR,SEA,300.227798481,215.709639027,384.745957935,134.583314587,165.644483894,81.12632444,250.162643348,94,5.9,1.06,6,3,11,943,2026-07-04,False
4,00-0039139,Jahmyr Gibbs,RB,DET,280.738719951,195.661848947,365.815590956,128.207979266,152.530740685,67.453869681,237.60761169,87,1.9,1.02,2,-2,6,943,2026-07-04,False
5,00-0036900,Ja'Marr Chase,WR,CIN,282.231383012,198.95503244,365.507733584,134.583314587,147.648068425,64.371717853,230.924418997,84,3.7,1.04,4,-1,6,943,2026-07-04,False
6,00-0033280,Christian McCaffrey,RB,SF,268.921501629,168.394518085,369.448485172,128.207979266,140.713522363,40.186538819,241.240505906,80,4.9,1.05,5,-1,8,943,2026-07-04,False
7,00-0036963,Amon-Ra St. Brown,WR,DET,266.122110541,188.694482475,343.549738608,134.583314587,131.538795954,54.111167888,208.966424021,75,7.2,1.07,7,0,6,943,2026-07-04,False
8,00-0039040,De'Von Achane,RB,MIA,256.844610026,179.96110158,333.728118473,128.207979266,128.63663076,51.753122314,205.520139207,73,9.4,1.09,9,1,6,943,2026-07-04,False
9,00-0037744,Trey McBride,TE,ARI,253.084877798,171.131309088,335.038446509,128.111253946,124.973623852,43.020055142,206.927192563,71,27.4,3.03,28,19,14,943,2026-07-04,False
10,00-0036223,Jonathan Taylor,RB,IND,243.580348629,165.638633407,321.522063851,128.207979266,115.372369363,37.430654141,193.314084585,66,7.4,1.07,8,-2,13,943,2026-07-04,False
11,00-0037248,James Cook,RB,BUF,239.723405454,160.715901611,318.730909297,128.207979266,111.515426188,32.507922345,190.522930031,64,13.9,2.02,14,3,7,943,2026-07-04,False
12,00-0037247,George Pickens,WR,DAL,240.144393896,163.336894961,316.951892832,134.583314587,105.561079309,28.753580374,182.368578245,60,16.7,2.05,19,7,14,943,2026-07-04,False
13,00-0039851,Drake Maye,QB,NE,304.494317125,223.780563671,385.208070579,227.064343853,77.429973272,-3.283780182,158.143726726,44,63.2,6.03,65,52,11,943,2026-07-04,False
14,00-0041027,Jeremiyah Love,RB,ARI,205.62866956,148.30402008,263.585099387,128.207979266,77.420690294,20.096040814,135.377120121,44,21.6,2.1,22,8,14,943,2026-07-04,True
15,00-0039064,Zay Flowers,WR,BAL,205.654751869,127.296430806,284.013072932,134.583314587,71.071437282,-7.286883781,149.429758345,41,26.4,3.02,25,10,13,943,2026-07-04,False
16,00-0032764,Derrick Henry,RB,BAL,198.854090777,123.04502507,274.663156484,128.207979266,70.646111511,-5.162954196,146.455177218,41,15.7,2.04,17,1,13,943,2026-07-04,False
17,00-0034857,Josh Allen,QB,BUF,297.48066347,217.495979488,377.465347452,227.064343853,70.416319617,-9.568364365,150.401003599,41,28.8,3.05,29,12,7,943,2026-07-04,False
18,00-0036358,CeeDee Lamb,WR,DAL,203.882838937,127.163281805,280.602396068,134.583314587,69.29952435,-7.420032782,146.019081481,40,10.6,1.11,11,-7,14,943,2026-07-04,False
19,00-0037840,Kyren Williams,RB,LA,195.82680647,119.674987353,271.978625587,128.207979266,67.618827204,-8.532991913,143.770646321,39,32.7,3.09,35,16,11,943,2026-07-04,False
20,00-0038597,Chase Brown,RB,CIN,192.388110277,114.089160648,270.687059906,128.207979266,64.180131011,-14.118818618,142.47908064,37,15.4,2.03,16,-4,6,943,2026-07-04,False
21,00-0037239,Chris Olave,WR,NO,194.761200626,118.043481945,271.478919308,134.583314587,60.177886039,-16.539832642,136.895604721,35,19.7,2.08,20,-1,8,943,2026-07-04,False
22,00-0037238,Drake London,WR,ATL,194.157212615,115.792786909,272.521638321,134.583314587,59.573898028,-18.790527678,137.938323734,34,12.7,2.01,13,-9,11,943,2026-07-04,False
23,00-0037240,Jameson Williams,WR,DET,193.391579199,116.351126552,270.432031847,134.583314587,58.808264612,-18.232188035,135.84871726,34,49.8,5.02,52,29,6,943,2026-07-04,False
24,00-0039338,Brock Bowers,TE,LV,186.695803917,101.820717865,271.570889969,128.111253946,58.584549971,-26.290536081,143.459636023,34,35.5,3.12,37,13,13,943,2026-07-04,False
25,00-0036554,Nico Collins,WR,HOU,192.938896031,116.41890375,269.458888312,134.583314587,58.355581444,-18.164410837,134.875573725,34,24.6,3.01,24,-1,8,943,2026-07-04,False
26,00-0038120,Breece Hall,RB,NYJ,185.112469253,108.512448694,261.712489811,128.207979266,56.904489987,-19.695530572,133.504510545,33,29.3,3.05,33,7,13,943,2026-07-04,False
27,00-0036275,D'Andre Swift,RB,CHI,181.114794793,104.842445401,257.387144186,128.207979266,52.906815527,-23.365533865,129.17916492,31,48.4,4.12,50,23,10,943,2026-07-04,False
28,00-0035676,A.J. Brown,WR,PHI,182.96727662,105.786879915,260.147673324,134.583314587,48.383962033,-28.796434672,125.564358737,28,15,2.03,15,-13,11,943,2026-07-04,False
29,00-0036973,Travis Etienne,RB,JAX,176.402426063,99.882815699,252.922036427,128.207979266,48.194446797,-28.325163567,124.714057161,28,38.5,4.02,40,11,8,943,2026-07-04,False
30,00-0036912,DeVonta Smith,WR,PHI,178.663638603,99.9099825874,257.417294618,134.583314587,44.080324016,-34.6733319996,122.833980031,26,29,3.05,31,1,10,943,2026-07-04,False
31,00-0034844,Saquon Barkley,RB,PHI,169.646179389,88.7346297477,250.557729031,128.207979266,41.438200123,-39.4733495183,122.349749765,24,20,2.08,21,-10,10,943,2026-07-04,False
32,00-0038117,Wan'Dale Robinson,WR,NYG,175.798259285,99.5437058779,252.052812693,134.583314587,41.214944698,-35.0396087091,117.469498106,24,90.1,8.06,92,60,9,943,2026-07-04,False
33,00-0036970,Kyle Pitts,TE,ATL,167.614987544,91.4900392587,243.73993583,128.111253946,39.503733598,-36.6212146873,115.628681884,23,88.1,8.04,91,58,11,943,2026-07-04,False
34,00-0039732,Bo Nix,QB,DEN,265.92210315,188.372723226,343.471483074,227.064343853,38.857759297,-38.691620627,116.407139221,23,113.9,10.06,117,83,10,943,2026-07-04,False
35,00-0036410,Tee Higgins,WR,CIN,172.035673538,95.5377634269,248.533583649,134.583314587,37.452358951,-39.0455511601,113.950269062,22,28.9,3.05,30,-5,6,943,2026-07-04,False
36,00-0036997,Javonte Williams,RB,DAL,165.649637904,87.5002132015,243.799062606,128.207979266,37.441658638,-40.7077660645,115.59108334,22,34.1,3.1,36,0,14,943,2026-07-04,False
37,00-0039915,Ladd McConkey,WR,LAC,170.962371789,91.9638091436,249.960934434,134.583314587,36.379057202,-42.6195054434,115.377619847,21,37.2,4.01,39,2,7,943,2026-07-04,False
38,00-0035700,Josh Jacobs,RB,GB,163.328744999,83.8993762809,242.758113717,128.207979266,35.120765733,-44.3086029851,114.550134451,21,29.1,3.05,32,-6,11,943,2026-07-04,False
39,00-0040124,Tetairoa McMillan,WR,CAR,169.102787052,89.3581554871,248.847418618,134.583314587,34.519472465,-45.2251590999,114.264104031,20,32.1,3.08,34,-5,5,943,2026-07-04,False
40,00-0034348,Courtland Sutton,WR,DEN,168.99169563,92.4330108108,245.550380449,134.583314587,34.408381043,-42.1503037762,110.967065862,20,70.1,6.1,70,30,10,943,2026-07-04,False
41,00-0036322,Justin Jefferson,WR,MIN,168.402985466,83.6517811461,253.154189786,134.583314587,33.819670879,-50.9315334409,118.570875199,20,10.3,1.1,10,-31,6,943,2026-07-04,False
42,00-0039893,Brian Thomas Jr.,WR,JAX,168.333160805,89.1886574037,247.477664206,134.583314587,33.749846218,-45.3946571833,112.894349619,20,83.6,7.12,85,43,7,943,2026-07-04,False
43,00-0036139,Rico Dowdle,RB,CAR,160.73713244,83.7651478847,237.709116994,128.207979266,32.529153174,-44.4428313813,109.501137728,19,74.1,7.02,76,33,9,943,2026-07-04,False
44,00-0040734,TreVeyon Henderson,RB,NE,160.102955545,77.5917530909,242.614157998,128.207979266,31.894976279,-50.6162261751,114.406178732,19,59.2,5.11,59,15,11,943,2026-07-04,False
45,00-0039918,Caleb Williams,QB,CHI,258.363165619,182.468765001,334.257566236,227.064343853,31.298821766,-44.595578852,107.193222383,19,105.3,9.09,109,64,10,943,2026-07-04,False
46,00-0038134,Kenneth Walker III,RB,SEA,159.007918374,81.4223217658,236.593514983,128.207979266,30.799939108,-46.7856575002,108.385535717,18,22.7,2.11,23,-23,5,943,2026-07-04,False
47,00-0037228,Jaylen Warren,RB,PIT,157.849974414,81.0225433035,234.677405525,128.207979266,29.641995148,-47.1854359625,106.469426259,18,64.3,6.04,67,20,9,943,2026-07-04,False
48,00-0040122,Ashton Jeanty,RB,LV,157.338368045,52.3370017686,262.339734322,128.207979266,29.130388779,-75.8709774974,134.131755056,17,12.5,1.12,12,-36,13,943,2026-07-04,False
49,00-0040126,Colston Loveland,TE,CHI,157.161090759,81.1850115839,233.137169935,128.111253946,29.049836813,-46.9262423621,105.025915989,17,46.5,4.1,48,-1,10,943,2026-07-04,False
50,00-0038994,Jordan Addison,WR,MIN,163.632666614,87.0504094261,240.214923801,134.583314587,29.049352027,-47.5329051609,105.631609214,17,92.9,8.09,95,45,6,943,2026-07-04,False
51,00-0036613,Jaylen Waddle,WR,MIA,162.575808072,86.7675708595,238.384045285,134.583314587,27.992493485,-47.8157437275,103.800730698,17,40.6,4.05,42,-9,10,943,2026-07-04,False
52,00-0037664,Alec Pierce,WR,IND,161.744373404,85.1015293983,238.387217409,134.583314587,27.161058817,-49.4817851887,103.803902822,16,60.8,6.01,61,9,13,943,2026-07-04,False
53,00-0039361,Bucky Irving,RB,TB,154.083206806,72.8006443199,235.365769293,128.207979266,25.87522754,-55.4073349461,107.157790027,16,43.3,4.07,45,-8,10,943,2026-07-04,False
54,00-0033106,Jared Goff,QB,DET,251.783700802,174.225684349,329.341717255,227.064343853,24.719356949,-52.838659504,102.277373402,15,99.1,9.03,103,49,6,943,2026-07-04,False
55,00-0038559,Michael Wilson,WR,ARI,157.593809644,81.8874817634,233.300137525,134.583314587,23.010495057,-52.6958328236,98.716822938,14,80.7,7.09,83,28,14,943,2026-07-04,False
56,00-0041438,Carnell Tate,WR,TEN,157.288471851,107.395604257,209.321127713,134.583314587,22.705157264,-27.18771033,74.737813126,14,61.7,6.02,64,8,9,943,2026-07-04,True
57,00-0033873,Patrick Mahomes,QB,KC,245.743582943,169.647103462,321.840062424,227.064343853,18.67923909,-57.417240391,94.775718571,11,75.5,7.04,79,22,5,943,2026-07-04,False
58,00-0039065,Sam LaPorta,TE,DET,146.660206509,68.3213595231,224.999053495,128.111253946,18.548952563,-59.7898944229,96.887799549,11,70.4,6.1,71,13,6,943,2026-07-04,False
59,00-0034827,DJ Moore,WR,CHI,152.876230083,75.943733539,229.808726627,134.583314587,18.292915496,-58.639581048,95.22541204,11,66.2,6.06,69,10,7,943,2026-07-04,False
60,00-0036389,Jalen Hurts,QB,PHI,243.864694507,165.848120956,321.881268057,227.064343853,16.800350654,-61.216222897,94.816924204,10,92.4,8.08,93,33,10,943,2026-07-04,False
61,00-0040128,Tyler Warren,TE,IND,144.66677183,65.4916557889,223.84188787,128.111253946,16.555517884,-62.6195981571,95.730633924,10,54.2,5.06,55,-6,13,943,2026-07-04,False
62,00-0033288,George Kittle,TE,SF,144.530958859,67.1614149611,221.900502757,128.111253946,16.419704913,-60.9498389849,93.789248811,10,105.3,9.09,110,48,8,943,2026-07-04,False
63,00-0035640,DK Metcalf,WR,PIT,150.792521728,74.4686611785,227.116382278,134.583314587,16.209207141,-60.1146534085,92.533067691,10,56.4,5.08,57,-6,9,943,2026-07-04,False
64,00-0038544,Quentin Johnston,WR,LAC,150.315945779,74.596742135,226.035149423,134.583314587,15.732631192,-59.986572452,91.451834836,10,99.2,9.03,104,40,7,943,2026-07-04,False
65,00-0031381,Davante Adams,WR,LA,149.918193953,71.1656155424,228.670772365,134.583314587,15.334879366,-63.4176990446,94.087457778,10,41.2,4.05,43,-22,11,943,2026-07-04,False
66,00-0040663,Harold Fannin Jr.,TE,CLE,142.427001764,65.2831169591,219.570886568,128.111253946,14.315747818,-62.8281369869,91.459632622,9,64,6.04,66,0,11,943,2026-07-04,False
67,00-0026498,Matthew Stafford,QB,LA,241.307264225,162.916385424,319.698143026,227.064343853,14.242920372,-64.147958429,92.633799173,9,101.6,9.06,106,39,11,943,2026-07-04,False
68,00-0040666,Omarion Hampton,RB,LAC,141.825447455,59.181169338,224.469725572,128.207979266,13.617468189,-69.026809928,96.261746306,9,16.3,2.04,18,-50,7,943,2026-07-04,False
69,00-0036971,Trevor Lawrence,QB,JAX,240.532937209,160.98848706,320.077387359,227.064343853,13.468593356,-66.075856793,93.013043506,9,82.2,7.1,84,15,7,943,2026-07-04,False
70,00-0036355,Justin Herbert,QB,LAC,240.459338463,164.724463041,316.194213885,227.064343853,13.39499461,-62.339880812,89.129870032,9,77.9,7.06,80,10,7,943,2026-07-04,False
71,00-0040129,Emeka Egbuka,WR,TB,147.942993251,69.4245891674,226.461397335,134.583314587,13.359678664,-65.1587254196,91.878082748,8,46.1,4.1,46,-25,10,943,2026-07-04,False
72,00-0036252,Michael Pittman,WR,IND,146.73148322,70.6170984989,222.845867941,134.583314587,12.148168633,-63.9662160881,88.262553354,8,71.5,6.11,72,0,9,943,2026-07-04,False
73,00-0040730,RJ Harvey,RB,DEN,139.616586529,59.655266808,219.57790625,128.207979266,11.408607263,-68.552712458,91.369926984,7,87.2,8.03,90,17,10,943,2026-07-04,False
74,00-0036264,Jordan Love,QB,GB,237.769125876,151.071150569,324.467101183,227.064343853,10.704782023,-75.993193284,97.40275733,7,124.2,11.04,122,48,11,943,2026-07-04,False
75,00-0039849,Marvin Harrison Jr.,WR,ARI,144.560474682,68.349909695,220.77103967,134.583314587,9.977160095,-66.233404892,86.187725083,7,64.7,6.05,68,-7,14,943,2026-07-04,False
76,00-0040784,Quinshon Judkins,RB,CLE,138.134007881,55.8047758395,220.463239923,128.207979266,9.926028615,-72.4032034265,92.255260657,7,50.7,5.03,53,-23,11,943,2026-07-04,False
77,00-0039165,Zach Charbonnet,RB,SEA,138.035662432,61.7330286922,214.338296172,128.207979266,9.827683166,-66.4749505738,86.130316906,7,156,13.12,145,68,11,943,2026-07-04,False
78,00-0031588,Stefon Diggs,WR,NE,142.928608288,65.2170112422,220.640205334,134.583314587,8.345293701,-69.3663033448,86.056890747,6,,,,,,,,False
79,00-0034855,Baker Mayfield,QB,TB,234.237715682,147.24558838,321.229842983,227.064343853,7.173371829,-79.818755473,94.16549913,5,126.2,11.06,125,46,10,943,2026-07-04,False
80,00-0039919,Rome Odunze,WR,CHI,140.123749794,62.7746220532,217.472877534,134.583314587,5.540435207,-71.8086925338,82.889562947,4,55.8,5.08,56,-24,10,943,2026-07-04,False
81,00-0038996,Tucker Kraft,TE,GB,133.490465603,56.443854841,210.537076366,128.111253946,5.379211657,-71.667399105,82.42582242,4,72.8,7.01,74,-7,11,943,2026-07-04,False
82,00-0038041,Jake Ferguson,TE,DAL,132.750330316,56.9475415355,208.553119097,128.111253946,4.63907637,-71.1637124105,80.441865151,4,112.9,10.05,114,32,14,943,2026-07-04,False
83,00-0030506,Travis Kelce,TE,KC,132.172818311,55.911134874,208.434501748,128.111253946,4.061564365,-72.200119072,80.323247802,3,95.5,8.12,98,15,5,943,2026-07-04,False
84,00-0033090,Hunter Henry,TE,NE,128.93200349,51.9455854908,205.918421489,128.111253946,0.820749544,-76.1656684552,77.807167543,1,,,,,,,,False
85,00-0035719,Deebo Samuel Sr.,WR,WAS,134.583314587,55.915185414,213.25144376,134.583314587,0,-78.668129173,78.668129173,1,,,,,,,,False
86,00-0036919,Kenneth Gainwell,RB,PIT,128.207979266,52.1157512379,204.300207295,128.207979266,0,-76.0922280281,76.092228029,1,,,,,,,,False
87,00-0034351,Dallas Goedert,TE,PHI,128.111253946,51.9896929564,204.232814935,128.111253946,0,-76.1215609896,76.121560989,1,127.5,11.08,126,39,10,943,2026-07-04,False
88,00-0034796,Lamar Jackson,QB,BAL,227.064343853,150.30916556,303.819522145,227.064343853,0,-76.755178293,76.755178292,1,51.8,5.04,54,-34,13,943,2026-07-04,False
89,00-0041029,Jordyn Tyson,WR,NOR,133.897997425,84.2863096225,184.414741924,134.583314587,-0.685317162,-50.2970049645,49.831427337,1,86.2,8.02,89,0,8,943,2026-07-04,True
90,00-0037816,Romeo Doubs,WR,GB,133.540512169,57.2383839169,209.84264042,134.583314587,-1.042802418,-77.3449306701,75.259325833,1,100.4,9.04,105,15,11,943,2026-07-04,False
91,00-0039894,Xavier Worthy,WR,KC,133.531210308,57.5318945701,209.530526046,134.583314587,-1.052104279,-77.0514200169,74.947211459,1,97.3,9.01,100,9,5,943,2026-07-04,False
92,00-0039067,Rashee Rice,WR,KC,132.955785447,50.3856622017,215.525908691,134.583314587,-1.62752914,-84.1976523853,80.942594104,1,26.9,3.03,27,-65,5,943,2026-07-04,False
93,00-0037261,Khalil Shakir,WR,BUF,132.51874401,56.2417037162,208.795784304,134.583314587,-2.064570577,-78.3416108708,74.212469717,1,104.5,9.08,107,14,7,943,2026-07-04,False
94,00-0034383,Dalton Schultz,TE,HOU,125.742350791,48.9336450504,202.551056531,128.111253946,-2.368903155,-79.1776088956,74.439802585,1,,,,,,,,False
95,00-0036040,Juwan Johnson,TE,NO,125.421896222,48.4982527991,202.345539645,128.111253946,-2.689357724,-79.6130011469,74.234285699,1,,,,,,,,False
96,00-0041512,Jadarian Price,RB,SEA,124.930840137,68.280687432,179.844697597,128.207979266,-3.277139129,-59.927291834,51.636718331,1,74.9,7.03,78,-18,11,943,2026-07-04,True
97,00-0038606,Parker Washington,WR,JAX,131.105534355,54.9801910695,207.23087764,134.583314587,-3.477780232,-79.6031235175,72.647563053,1,74.6,7.03,77,-20,7,943,2026-07-04,False
98,00-0034960,Jakobi Meyers,WR,JAX,130.551702545,51.7457278335,209.357677257,134.583314587,-4.031612042,-82.8375867535,74.77436267,1,97.1,9.01,99,1,7,943,2026-07-04,False
99,00-0039793,AJ Barner,TE,SEA,123.705640059,47.7294293086,199.68185081,128.111253946,-4.405613887,-80.3818246374,71.570596864,1,,,,,,,,False
100,00-0035685,David Montgomery,RB,DET,123.752842809,47.7634526081,199.74223301,128.207979266,-4.455136457,-80.4445266579,71.534253744,1,57.2,5.09,58,-42,8,943,2026-07-04,False
101,00-0037256,Rachaad White,RB,TB,122.285232705,45.1906158784,199.379849532,128.207979266,-5.922746561,-83.0173633876,71.171870266,1,99,9.03,102,1,7,943,2026-07-04,False
102,00-0039337,Malik Nabers,WR,NYG,128.099755415,34.9946949098,221.20481592,134.583314587,-6.483559172,-99.5886196772,86.621501333,1,43,4.07,44,-58,8,943,2026-07-04,False
103,00-0038563,Tre Tucker,WR,LV,127.137145055,51.0148718779,203.259418231,134.583314587,-7.446169532,-83.5684427091,68.676103644,1,137.3,12.05,134,31,13,943,2026-07-04,False
104,00-0038933,Dalton Kincaid,TE,BUF,120.030524414,42.7988529004,197.262195928,128.111253946,-8.080729532,-85.3124010456,69.150941982,1,127.8,11.08,127,23,7,943,2026-07-04,False
105,00-0033077,Dak Prescott,QB,DAL,217.892752545,140.895910131,294.889594959,227.064343853,-9.171591308,-86.168433722,67.825251106,1,59.8,5.12,60,-45,14,943,2026-07-04,False
106,00-0040735,Luther Burden III,WR,CHI,125.382456585,49.6568591553,201.108054015,134.583314587,-9.200858002,-84.9264554317,66.524739428,1,46.8,4.11,49,-57,10,943,2026-07-04,False
107,00-0039384,Tyrone Tracy Jr.,RB,NYG,118.860334707,42.3753968441,195.345272569,128.207979266,-9.347644559,-85.8325824219,67.137293303,1,153.6,13.1,143,36,8,943,2026-07-04,False
108,00-0035261,Tony Pollard,RB,TEN,118.729867934,42.6732969723,194.786438895,128.207979266,-9.478111332,-85.5346822937,66.578459629,1,72.8,7.01,75,-33,9,943,2026-07-04,False
109,00-0030279,Keenan Allen,WR,LAC,125.005785197,48.5309502714,201.480620122,134.583314587,-9.57752939,-86.0523643156,66.897305535,1,,,,,,,,False
110,00-0040715,Cam Skattebo,RB,NYG,116.67820478,37.4974660802,195.858943479,128.207979266,-11.529774486,-90.7105131858,67.650964213,1,38.6,4.03,41,-69,8,943,2026-07-04,False
111,00-0038997,Josh Downs,WR,IND,122.747234026,46.729883899,198.764584152,134.583314587,-11.836080561,-87.853430688,64.181269565,1,85.3,8.01,87,-24,13,943,2026-07-04,False
112,00-0034869,Sam Darnold,QB,SEA,214.579127875,137.29668732,291.86156843,227.064343853,-12.485215978,-89.767656533,64.797224577,1,146.4,13.02,140,28,11,943,2026-07-04,False
113,00-0039868,Troy Franklin,WR,DEN,122.069041353,45.9009380791,198.237144627,134.583314587,-12.514273234,-88.6823765079,63.65383004,1,,,,,,,,False
114,00-0036158,J.K. Dobbins,RB,DEN,115.438702798,38.1140637377,192.763341858,128.207979266,-12.769276468,-90.0939155283,64.555362592,1,94,8.1,97,-17,10,943,2026-07-04,False
115,00-0039163,C.J. Stroud,QB,HOU,214.214441231,136.389562726,292.039319736,227.064343853,-12.849902622,-90.674781127,64.974975883,1,,,,,,,,False
116,00-0037740,Garrett Wilson,WR,NYJ,119.154577962,39.697026823,198.612129101,134.583314587,-15.428736625,-94.886287764,64.028814514,1,26.9,3.03,26,-90,13,943,2026-07-04,False
117,00-0040236,Kyle Monangai,RB,CHI,112.436098392,33.2106326654,191.661564119,128.207979266,-15.771880874,-94.9973466006,63.453584853,1,106.5,9.11,111,-6,10,943,2026-07-04,False
118,00-0040189,Oronde Gadsden II,TE,LAC,111.276281203,35.2175210549,187.335041351,128.111253946,-16.834972743,-92.8937328911,59.223787405,1,,,,,,,,False
119,00-0040583,Woody Marks,RB,HOU,111.304954464,32.5867836085,190.023125319,128.207979266,-16.903024802,-95.6211956575,61.815146053,1,139.1,12.07,136,17,8,943,2026-07-04,False
120,00-0035659,Terry McLaurin,WR,WAS,116.04908749,39.263542998,192.834631982,134.583314587,-18.534227097,-95.319771589,58.251317395,1,36.4,3.12,38,-82,7,943,2026-07-04,False
121,00-0036875,Rhamondre Stevenson,RB,NE,109.171603966,31.9708808752,186.372327058,128.207979266,-19.0363753,-96.2370983908,58.164347792,1,72.2,6.12,73,-48,11,943,2026-07-04,False
122,00-0038935,Brenton Strange,TE,JAX,107.593896259,30.3439395623,184.843852956,128.111253946,-20.517357687,-97.7673143837,56.73259901,1,,,,,,,,False
123,00-0036894,Pat Freiermuth,TE,PIT,105.340133985,28.7456916124,181.934576358,128.111253946,-22.771119961,-99.3655623336,53.823322412,1,,,,,,,,False
124,00-0040130,Jayden Higgins,WR,HOU,110.8168342,34.3020062733,187.331662126,134.583314587,-23.766480387,-100.281308314,52.748347539,1,117,10.09,118,-6,8,943,2026-07-04,False
125,00-0038608,Kayshon Boutte,WR,NE,109.955715131,34.2040187694,185.707411492,134.583314587,-24.627599456,-100.379295818,51.124096905,1,,,,,,,,False
126,00-0036555,Chuba Hubbard,RB,CAR,103.076277123,24.2695057472,181.8830485,128.207979266,-25.131702143,-103.938473519,53.675069234,1,79.1,7.07,82,-44,5,943,2026-07-04,False
127,00-0038124,Christian Watson,WR,GB,109.303663499,32.8602959703,185.747031028,134.583314587,-25.279651088,-101.723018617,51.163716441,1,61.3,6.01,62,-65,11,943,2026-07-04,False
128,00-0041547,KC Concepcion,WR,CLE,108.895322871,58.0089708467,160.080123304,134.583314587,-25.687991716,-76.5743437403,25.496808717,1,118.4,10.1,120,-8,11,943,2026-07-04,True
129,00-0036407,Jerry Jeudy,WR,CLE,108.134832638,32.2556637816,184.014001495,134.583314587,-26.448481949,-102.327650805,49.430686908,1,,,,,,,,False
130,00-0040736,Mason Taylor,TE,NYJ,101.620556892,25.1302269982,178.110886786,128.111253946,-26.490697054,-102.981026948,49.99963284,1,,,,,,,,False
131,00-0039901,Keon Coleman,WR,BUF,107.123432637,30.7221868379,183.524678436,134.583314587,-27.45988195,-103.861127749,48.941363849,1,,,,,,,,False
132,00-0036259,Jauan Jennings,WR,SF,106.858092999,27.7999740121,185.916211987,134.583314587,-27.725221588,-106.783340575,51.3328974,1,129.2,11.09,128,-4,6,943,2026-07-04,False
133,00-0038129,Cade Otton,TE,TB,100.097577819,24.0855896232,176.109566014,128.111253946,-28.013676127,-104.025664323,47.998312068,1,,,,,,,,False
134,00-0040867,Makai Lemon,WR,PHI,106.296913857,55.0561033212,156.887859447,134.583314587,-28.28640073,-79.5272112658,22.30454486,1,107.5,9.11,112,-22,10,943,2026-07-04,True
135,00-0034753,Mark Andrews,TE,BAL,98.5158488748,22.4534944262,174.578203323,128.111253946,-29.5954050712,-105.65775952,46.466949377,1,125.4,11.05,123,-12,13,943,2026-07-04,False
136,00-0039847,Theo Johnson,TE,NYG,97.717538111,21.7127893301,173.722286892,128.111253946,-30.393715835,-106.398464616,45.611032946,1,,,,,,,,False
137,00-0039032,Tyjae Spears,RB,TEN,97.6064463546,21.6599477926,173.552944917,128.207979266,-30.6015329114,-106.548031473,45.344965651,1,,,,,,,,False
138,00-0040691,Jaxson Dart,QB,NYG,196.168429252,104.024773908,288.312084597,227.064343853,-30.895914601,-123.039569945,61.247740744,1,112.9,10.05,116,-22,8,943,2026-07-04,False
139,00-0040242,Jacory Croskey-Merritt,RB,WAS,96.1765398277,17.7137652096,174.639314446,128.207979266,-32.0314394383,-110.494214056,46.43133518,1,117.2,10.09,119,-20,7,943,2026-07-04,False
140,00-0037809,Chig Okonkwo,TE,TEN,95.9515511968,17.9772984791,173.925803915,128.111253946,-32.1597027492,-110.133955467,45.814549969,1,166,14.1,149,9,7,943,2026-07-04,False
141,00-0037525,Jordan Mason,RB,MIN,95.8895829269,18.0772660686,173.701899785,128.207979266,-32.3183963391,-110.130713197,45.493920519,1,125.4,11.05,124,-17,6,943,2026-07-04,False
142,00-0041032,Kenyon Sadiq,TE,NYJ,95.5822943892,62.4275904175,129.073943668,128.111253946,-32.5289595568,-65.6836635285,0.962689722,1,,,,,,,,True
143,00-0037834,Brock Purdy,QB,SF,194.27021907,117.772668145,270.767769994,227.064343853,-32.794124783,-109.291675708,43.703426141,1,93.3,8.09,96,-47,8,943,2026-07-04,False
144,00-0035229,T.J. Hockenson,TE,MIN,95.2174507226,17.1755484112,173.259353034,128.111253946,-32.8938032234,-110.935705535,45.148099088,1,151.5,13.07,141,-3,6,943,2026-07-04,False
145,00-0041037,Denzel Boston,WR,CLE,100.531696844,49.7674861112,150.983996298,134.583314587,-34.051617743,-84.8158284758,16.400681711,1,,,,,,,,True
146,00-0039738,Blake Corum,RB,LA,94.0330347184,17.6036398049,170.462429632,128.207979266,-34.1749445476,-110.604339461,42.254450366,1,120,10.12,121,-25,11,943,2026-07-04,False
147,00-0033923,Kareem Hunt,RB,KC,92.7468444261,16.5519823068,168.941706545,128.207979266,-35.4611348399,-111.655996959,40.733727279,1,,,,,,,,False
148,00-0035662,Marquise Brown,WR,KC,98.8234358459,22.6408559933,175.006015698,134.583314587,-35.7598787411,-111.942458594,40.422701111,1,,,,,,,,False
149,00-0037545,Rashid Shaheed,WR,NO,98.6251496725,21.711952053,175.538347292,134.583314587,-35.9581649145,-112.871362534,40.955032705,1,132.1,11.12,130,-19,11,943,2026-07-04,False
150,00-0041511,Omar Cooper Jr.,WR,NYJ,98.3339262095,44.9357077781,151.037469553,134.583314587,-36.2493883775,-89.6476068089,16.454154966,1,136.3,12.04,132,-18,13,943,2026-07-04,True
151,00-0036290,Cole Kmet,TE,CHI,89.7686577058,13.3755301535,166.161785258,128.111253946,-38.3425962402,-114.735723793,38.050531312,1,,,,,,,,False
152,00-0038976,Marvin Mims Jr.,WR,DEN,96.190877159,20.0365285049,172.345225813,134.583314587,-38.392437428,-114.546786082,37.761911226,1,,,,,,,,False
153,00-0039391,Kimani Vidal,RB,LAC,88.1130642236,8.33978676008,167.886341687,128.207979266,-40.0949150424,-119.868192506,39.678362421,1,,,,,,,,False
154,00-0039146,Jayden Reed,WR,GB,93.8557137557,17.1531189616,170.55830855,134.583314587,-40.7276008313,-117.430195625,35.974993963,1,85.8,8.02,88,-66,11,943,2026-07-04,False
155,00-0036244,Colby Parkinson,TE,LA,87.0984297506,10.6544435479,163.542415953,128.111253946,-41.0128241954,-117.456810398,35.431162007,1,,,,,,,,False
156,00-0040162,Dylan Sampson,RB,CLE,87.1276945927,9.64525230066,164.610136885,128.207979266,-41.0802846733,-118.562726965,36.402157619,1,,,,,,,,False
157,00-0040170,Elic Ayomanor,WR,TEN,92.2348331337,16.2788430601,168.190823207,134.583314587,-42.3484814533,-118.304471527,33.60750862,1,,,,,,,,False
158,00-0040705,Chimere Dike,WR,TEN,91.9924496984,15.9115638058,168.073335591,134.583314587,-42.5908648886,-118.671750781,33.490021004,1,,,,,,,,False
159,00-0039916,Ricky Pearsall,WR,SF,91.9576321381,15.9754740174,167.939790259,134.583314587,-42.6256824489,-118.60784057,33.356475672,1,105.1,9.09,108,-51,8,943,2026-07-04,False
160,00-0031408,Mike Evans,WR,TB,91.8150168274,16.0744517628,167.555581892,134.583314587,-42.7682977596,-118.508862824,32.972267305,1,49.1,5.01,51,-109,8,943,2026-07-04,False
161,00-0041035,De'Zhaun Stribling,WR,SFO,91.486678846,41.0392269075,141.732108785,134.583314587,-43.096635741,-93.5440876795,7.148794198,1,,,,,,,,True
162,00-0040667,Matthew Golden,WR,GB,90.844182704,15.0282616846,166.660103723,134.583314587,-43.739131883,-119.555052902,32.076789136,1,112.9,10.05,115,-47,11,943,2026-07-04,False
163,00-0033293,Aaron Jones,RB,MIN,83.4948704629,7.62432505393,159.365415872,128.207979266,-44.7131088031,-120.583654212,31.157436606,1,92.5,8.08,94,-69,6,943,2026-07-04,False
164,00-0039491,Jalen Coker,WR,CAR,89.4869641082,13.5357034844,165.438224732,134.583314587,-45.0963504788,-121.047611103,30.854910145,1,109.5,10.02,113,-51,5,943,2026-07-04,False
165,00-0041489,Germie Bernard,WR,PIT,88.8350787839,37.7480951696,138.955317027,134.583314587,-45.7482358031,-96.8352194174,4.37200244,1,,,,,,,,True
166,00-0040584,Gunnar Helm,TE,TEN,81.8589854634,5.16399294397,158.553977983,128.111253946,-46.2522684826,-122.947261002,30.442724037,1,,,,,,,,False
167,00-0033040,Tyreek Hill,WR,MIA,87.0217318841,9.92368512937,164.119778639,134.583314587,-47.5615827029,-124.659629458,29.536464052,1,,,,,,,,False
168,00-0037112,Jake Tonges,TE,SF,80.1085254437,4.03778338747,156.1792675,128.111253946,-48.0027285023,-124.073470559,28.068013554,1,,,,,,,,False
169,00-0041496,Jonah Coleman,RB,DEN,79.5963035994,24.357937373,132.425825043,128.207979266,-48.6116756666,-103.850041893,4.217845777,1,,,,,,,,True
170,00-0033858,Jonnu Smith,TE,PIT,78.9533979745,0.6595198463,157.247276103,128.111253946,-49.1578559715,-127.4517341,29.136022157,1,,,,,,,,False
171,00-0039910,Jayden Daniels,QB,WAS,176.405830879,97.3400170022,255.471644755,227.064343853,-50.658512974,-129.724326851,28.407300902,1,85,8.01,86,-85,7,943,2026-07-04,False
172,00-0037263,Tyler Allgeier,RB,ATL,77.0491967807,1.26158259075,152.836810971,128.207979266,-51.1587824853,-126.946396675,24.628831705,1,,,,,,,,False
173,00-0035710,Daniel Jones,QB,IND,175.749043825,95.1642334406,256.33385421,227.064343853,-51.315300028,-131.900110412,29.269510357,1,,,,,,,,False
174,00-0033906,Alvin Kamara,RB,NO,76.7810390568,0,157.017088515,128.207979266,-51.4269402092,-128.207979266,28.809109249,1,137.9,12.06,135,-39,8,943,2026-07-04,False
175,00-0041523,Caleb Douglas,WR,MIA,82.9312540452,32.9008716083,131.309112946,134.583314587,-51.6520605418,-101.682442979,-3.274201641,1,,,,,,,,True
176,00-0039150,Bryce Young,QB,CAR,174.993996897,96.5889292091,253.399064585,227.064343853,-52.070346956,-130.475414644,26.334720732,1,,,,,,,,False
177,00-0038621,DeMario Douglas,WR,NE,82.4888604036,6.7462597408,158.231461066,134.583314587,-52.0944541834,-127.837054846,23.648146479,1,,,,,,,,False
178,00-0040719,Bhayshul Tuten,RB,JAX,75.9273837931,0.202738376358,151.65202921,128.207979266,-52.2805954729,-128.00524089,23.444049944,1,61.3,6.01,63,-115,7,943,2026-07-04,False
179,00-0041047,Chris Brazzell II,WR,CAR,81.2453842104,31.8094908727,130.901244283,134.583314587,-53.3379303766,-102.773823714,-3.682070304,1,,,,,,,,True
180,00-0040870,Ja'Kobi Lane,WR,BAL,81.0135120169,30.8747999237,131.204563141,134.583314587,-53.5698025701,-103.708514663,-3.378751446,1,,,,,,,,True
181,00-0038797,Emanuel Wilson,RB,GB,74.4588152818,0,150.242848808,128.207979266,-53.7491639842,-128.207979266,22.034869542,1,,,,,,,,False
182,00-0040718,Travis Hunter,WR,JAX,80.3487676323,3.92092106098,156.776614204,134.583314587,-54.2345469547,-130.662393526,22.193299617,1,,,,,,,,False
183,00-0033881,Evan Engram,TE,DEN,73.7843454333,0,150.936516153,128.111253946,-54.3269085127,-128.111253946,22.825262207,1,,,,,,,,False
184,00-0039342,Xavier Legette,WR,CAR,80.1107348081,3.17098266267,157.050486953,134.583314587,-54.4725797789,-131.412331924,22.467172366,1,,,,,,,,False
185,00-0039373,Audric Estimé,RB,NO,73.6904157815,0,150.182298353,128.207979266,-54.5175634845,-128.207979266,21.974319087,1,,,,,,,,False
186,00-0041040,Antonio Williams,WR,WAS,79.6633396816,29.2091611426,129.647833408,134.583314587,-54.9199749054,-105.374153444,-4.935481179,1,,,,,,,,True
187,00-0036924,Michael Carter,RB,ARI,73.2367511133,0,149.13288238,128.207979266,-54.9712281527,-128.207979266,20.924903114,1,,,,,,,,False
188,00-0041048,Ted Hurst,WR,TAM,79.3127179036,29.6419276814,128.782217864,134.583314587,-55.2705966834,-104.941386906,-5.801096723,1,,,,,,,,True
189,00-0036442,Joe Burrow,QB,CIN,171.738254393,92.9379352606,250.538573526,227.064343853,-55.32608946,-134.126408592,23.474229673,1,46.4,4.1,47,-142,6,943,2026-07-04,False
190,00-0040134,Pat Bryant,WR,DEN,79.1187151848,3.11790090775,155.119529462,134.583314587,-55.4645994022,-131.465413679,20.536214875,1,,,,,,,,False
191,00-0041052,Kaelon Black,RB,SFO,72.6580809776,18.7784889911,126.782643784,128.207979266,-55.5498982884,-109.429490275,-1.425335482,1,,,,,,,,True
192,00-0040727,Tre Harris,WR,LAC,78.8456793981,2.73691655881,154.954442237,134.583314587,-55.7376351889,-131.846398028,20.37112765,1,161.1,14.05,147,-45,7,943,2026-07-04,False
193,00-0041042,Malachi Fields,WR,NYG,77.7226709303,25.8907751354,127.428109807,134.583314587,-56.8606436567,-108.692539452,-7.15520478,1,,,,,,,,True
194,00-0035250,Devin Singletary,RB,NYG,71.2691962669,0,147.386157453,128.207979266,-56.9387829991,-128.207979266,19.178178187,1,,,,,,,,False
195,00-0033921,Chris Godwin Jr.,WR,TB,77.1860460343,1.06286448864,153.30922758,134.583314587,-57.3972685527,-133.520450098,18.725912993,1,78.9,7.07,81,-114,10,943,2026-07-04,False
196,00-0037838,Isaiah Likely,TE,BAL,70.1431262092,0,146.191523833,128.111253946,-57.9681277368,-128.111253946,18.080269887,1,136.5,12.04,133,-63,8,943,2026-07-04,False
197,00-0038951,Sean Tucker,RB,TB,69.8093516892,0,145.695091151,128.207979266,-58.3986275768,-128.207979266,17.487111885,1,,,,,,,,False
198,00-0038558,Darnell Washington,TE,PIT,68.9235162313,0,145.234247623,128.111253946,-59.1877377147,-128.111253946,17.122993677,1,,,,,,,,False
199,00-0040669,Isaac TeSlaa,WR,DET,75.3279508231,0,151.697603914,134.583314587,-59.2553637639,-134.583314587,17.114289327,1,,,,,,,,False
200,00-0039356,Ja'Tavion Sanders,TE,CAR,68.265298177,0,144.401041626,128.111253946,-59.845955769,-128.111253946,16.28978768,1,,,,,,,,False
201,00-0030061,Zach Ertz,TE,WAS,68.0636332181,0,143.778335824,128.111253946,-60.0476207279,-128.111253946,15.667081878,1,,,,,,,,False
202,00-0039066,Michael Mayer,TE,LV,67.2678689135,0,143.543911115,128.111253946,-60.8433850325,-128.111253946,15.432657169,1,,,,,,,,False
203,00-0040138,Jaylin Noel,WR,HOU,73.468399541,0,149.575347432,134.583314587,-61.114915046,-134.583314587,14.992032845,1,,,,,,,,False
204,00-0040237,Tez Johnson,WR,TB,73.0418436272,0,151.40766839,134.583314587,-61.5414709598,-134.583314587,16.824353803,1,,,,,,,,False
205,00-0041044,Zachariah Branch,WR,ATL,72.7967483086,21.1687877924,122.582921308,134.583314587,-61.7865662784,-113.414526795,-12.000393279,1,,,,,,,,True
206,00-0038393,Dontayvion Wicks,WR,GB,72.7371289953,0,148.388001783,134.583314587,-61.8461855917,-134.583314587,13.804687196,1,,,,,,,,False
207,00-0038454,Keaton Mitchell,RB,BAL,66.1118927608,0,141.894915527,128.207979266,-62.0960865052,-128.207979266,13.686936261,1,,,,,,,,False
208,00-0040782,Isaiah Bond,WR,CLE,72.3634122386,0,148.161558882,134.583314587,-62.2199023484,-134.583314587,13.578244295,1,,,,,,,,False
209,00-0035535,Darius Slayton,WR,NYG,71.9868238834,0,148.070880953,134.583314587,-62.5964907036,-134.583314587,13.487566366,1,,,,,,,,False
210,00-0039798,Isaiah Davis,RB,NYJ,65.2551040314,0,142.383407622,128.207979266,-62.9528752346,-128.207979266,14.175428356,1,,,,,,,,False
211,00-0041051,Zavion Thomas,WR,CHI,71.6216783501,22.5222456681,121.271811882,134.583314587,-62.9616362369,-112.061068919,-13.311502705,1,,,,,,,,True
212,00-0033885,David Njoku,TE,CLE,64.8324558664,0,141.120850953,128.111253946,-63.2787980796,-128.111253946,13.009597007,1,,,,,,,,False
213,00-0037746,Brian Robinson,RB,SF,64.6223487223,0,140.598391095,128.207979266,-63.5856305437,-128.207979266,12.390411829,1,,,,,,,,False
214,00-0040737,Terrance Ferguson,TE,LA,64.3469371475,0,141.513375111,128.111253946,-63.7643167985,-128.111253946,13.402121165,1,,,,,,,,False
215,00-0038555,Tank Bigsby,RB,PHI,64.3918648923,0,140.17734055,128.207979266,-63.8161143737,-128.207979266,11.969361284,1,,,,,,,,False
216,00-0039410,Ryan Flournoy,WR,DAL,70.5833514506,0,146.587417887,134.583314587,-63.9999631364,-134.583314587,12.0041033,1,,,,,,,,False
217,00-0039875,Ray Davis,RB,BUF,63.9938726759,0,140.565526125,128.207979266,-64.2141065901,-128.207979266,12.357546859,1,,,,,,,,False
218,00-0041525,Chris Bell,WR,MIA,69.9931167904,18.8109537213,119.736640488,134.583314587,-64.5901977966,-115.772360866,-14.846674099,1,,,,,,,,True
219,00-0040878,Mike Washington Jr.,RB,LVR,63.3706760441,9.99417637499,112.421308267,128.207979266,-64.8373032219,-118.213802891,-15.786670999,1,,,,,,,,True
220,00-0037157,Bam Knight,RB,ARI,63.3663904386,0,140.55439798,128.207979266,-64.8415888274,-128.207979266,12.346418714,1,,,,,,,,False
221,00-0033908,Cooper Kupp,WR,SEA,69.2736440052,0,145.945251289,134.583314587,-65.3096705818,-134.583314587,11.361936702,1,,,,,,,,False
222,00-0035537,Ty Johnson,RB,BUF,62.8806430672,0,138.975867128,128.207979266,-65.3273361988,-128.207979266,10.767887862,1,,,,,,,,False
223,00-0041013,Emmett Johnson,RB,KAN,62.7667964163,12.0870816307,112.518561303,128.207979266,-65.4411828497,-116.120897635,-15.689417963,1,,,,,,,,True
224,00-0039880,Malik Washington,WR,MIA,68.7489454615,0,146.188001137,134.583314587,-65.8343691255,-134.583314587,11.60468655,1,,,,,,,,False
225,00-0038611,Chris Rodriguez Jr.,RB,WAS,62.2048321715,0,138.195013071,128.207979266,-66.0031470945,-128.207979266,9.987033805,1,156.6,14.01,146,-79,7,943,2026-07-04,False
226,00-0034791,Nick Chubb,RB,HOU,62.0750692477,0,141.584663412,128.207979266,-66.1329100183,-128.207979266,13.376684146,1,,,,,,,,False
227,00-0037291,Jalen Nailor,WR,MIN,68.2546661854,0,144.156685246,134.583314587,-66.3286484016,-134.583314587,9.573370659,1,133.1,12.01,131,-96,13,943,2026-07-04,False
228,00-0037005,Tommy Tremble,TE,CAR,61.1342344282,0,137.29248948,128.111253946,-66.9770195178,-128.111253946,9.181235534,1,,,,,,,,False
229,00-0040202,Devin Neal,RB,NO,60.5229275489,0,137.206478625,128.207979266,-67.6850517171,-128.207979266,8.998499359,1,,,,,,,,False
230,00-0038104,Tyquan Thornton,WR,KC,66.8868045945,0,143.674947117,134.583314587,-67.6965099925,-134.583314587,9.09163253,1,,,,,,,,False
231,00-0035689,Dawson Knox,TE,BUF,59.8809835481,0,135.724721018,128.111253946,-68.2302703979,-128.111253946,7.613467072,1,,,,,,,,False
232,00-0041483,Eli Stowers,TE,PHI,59.3682412427,27.6309975353,91.1856689936,128.111253946,-68.7430127033,-100.480256411,-36.9255849524,1,,,,,,,,True
233,00-0040078,Brashard Smith,RB,KC,58.462144817,0,135.035408697,128.207979266,-69.745834449,-128.207979266,6.827429431,1,,,,,,,,False
234,00-0040886,Nicholas Singleton,RB,TEN,58.169237084,8.40544504085,104.550511765,128.207979266,-70.038742182,-119.802534225,-23.657467501,1,,,,,,,,True
235,00-0040198,Ollie Gordon II,RB,MIA,58.1578787544,0,134.696721653,128.207979266,-70.0501005116,-128.207979266,6.488742387,1,,,,,,,,False
236,00-0036550,Rashod Bateman,WR,BAL,64.2758319169,0,140.467315197,134.583314587,-70.3074826701,-134.583314587,5.88400061,1,,,,,,,,False
237,00-0035644,Noah Fant,TE,CIN,57.5892433075,0,133.536303923,128.111253946,-70.5220106385,-128.111253946,5.425049977,1,,,,,,,,False
238,00-0037801,KaVontae Turpin,WR,DAL,63.9365356791,0,140.858179794,134.583314587,-70.6467789079,-134.583314587,6.274865207,1,,,,,,,,False
239,00-0038115,Daniel Bellinger,TE,NYG,57.350504166,0,133.535991624,128.111253946,-70.76074978,-128.111253946,5.424737678,1,,,,,,,,False
240,00-0038619,Andrei Iosivas,WR,CIN,63.7837024522,0,139.979986217,134.583314587,-70.7996121348,-134.583314587,5.39667163,1,,,,,,,,False
241,00-0039921,Trey Benson,RB,ARI,57.3392746015,0,134.084318102,128.207979266,-70.8687046645,-128.207979266,5.876338836,1,,,,,,,,False
242,00-0041472,Marlin Klein,TE,HOU,57.2192157814,26.247523019,88.0378575182,128.111253946,-70.8920381646,-101.863730927,-40.0733964278,1,,,,,,,,True
243,00-0040187,Mitchell Evans,TE,CAR,57.1436567114,0,132.842506283,128.111253946,-70.9675972346,-128.111253946,4.731252337,1,,,,,,,,False
244,00-0033555,Mack Hollins,WR,NE,63.3364705744,0,139.060230022,134.583314587,-71.2468440126,-134.583314587,4.476915435,1,,,,,,,,False
245,00-0036309,Darnell Mooney,WR,ATL,62.9077828657,0,139.285895456,134.583314587,-71.6755317213,-134.583314587,4.702580869,1,,,,,,,,False
246,00-0036212,Tua Tagovailoa,QB,MIA,155.286731197,78.5464928984,232.026969495,227.064343853,-71.777612656,-148.517850955,4.962625642,1,,,,,,,,False
247,00-0037252,Greg Dulcich,TE,MIA,55.3273589283,0,131.194217645,128.111253946,-72.7838950177,-128.111253946,3.082963699,1,,,,,,,,False
248,00-0040876,Elijah Sarratt,WR,BAL,61.5852329244,13.6609836327,106.809778617,134.583314587,-72.9980816626,-120.922330954,-27.77353597,1,,,,,,,,True
249,00-0034829,Mike Gesicki,TE,CIN,55.0326177814,0,130.818146714,128.111253946,-73.0786361646,-128.111253946,2.706892768,1,,,,,,,,False
250,00-0041395,Eli Raridon,TE,NWE,54.8356186265,23.2334052147,85.6513789513,128.111253946,-73.2756353195,-104.877848731,-42.4598749947,1,,,,,,,,True
251,00-0041510,Max Klare,TE,LAR,54.7939131613,23.9985974658,85.420310996,128.111253946,-73.3173407847,-104.11265648,-42.69094295,1,,,,,,,,True
252,00-0039144,Luke Musgrave,TE,GB,54.7364283506,0,130.725201906,128.111253946,-73.3748255954,-128.111253946,2.61394796,1,,,,,,,,False
253,00-0037837,Calvin Austin III,WR,PIT,61.0361192061,0,136.902491265,134.583314587,-73.5471953809,-134.583314587,2.319176678,1,,,,,,,,False
254,00-0035208,Olamide Zaccheaus,WR,CHI,60.6470756854,0,137.205579656,134.583314587,-73.9362389016,-134.583314587,2.622265069,1,,,,,,,,False
255,00-0037197,Isiah Pacheco,RB,KC,54.1873956644,0,131.095579007,128.207979266,-74.0205836016,-128.207979266,2.887599741,1,145.4,13.01,139,-116,6,943,2026-07-04,False
256,00-0039890,Adonai Mitchell,WR,IND,59.9591138999,0,135.919118482,134.583314587,-74.6242006871,-134.583314587,1.335803895,1,,,,,,,,False
257,00-0038618,Xavier Hutchinson,WR,HOU,59.8782098782,0,136.85253636,134.583314587,-74.7051047088,-134.583314587,2.269221773,1,,,,,,,,False
258,00-0041104,Demond Claiborne,RB,MIN,53.4229256194,8.3940894481,97.6382317238,128.207979266,-74.7850536466,-119.813889818,-30.5697475422,1,,,,,,,,True
259,00-0040648,Tory Horton,WR,SEA,59.5061966821,0,136.031285646,134.583314587,-75.0771179049,-134.583314587,1.447971059,1,,,,,,,,False
260,00-0039855,Jalen McMillan,WR,TB,58.7649602439,0,135.146563132,134.583314587,-75.8183543431,-134.583314587,0.563248545,1,,,,,,,,False
261,00-0041070,Reggie Virgil,WR,ARI,58.698312125,14.9367896554,101.724720488,134.583314587,-75.885002462,-119.646524932,-32.858594099,1,,,,,,,,True
262,00-0041041,Oscar Delp,TE,NOR,51.7077037141,21.7807757354,82.1228560643,128.111253946,-76.4035502319,-106.330478211,-45.9883978817,1,,,,,,,,True
263,00-0040739,Elijah Arroyo,TE,SEA,51.3886032901,0,128.678828823,128.111253946,-76.7226506559,-128.111253946,0.567574877,1,,,,,,,,False
264,00-0033526,Samaje Perine,RB,CIN,50.8986498382,0,126.757586237,128.207979266,-77.3093294278,-128.207979266,-1.450393029,1,,,,,,,,False
265,00-0039074,Davis Allen,TE,LA,49.8314543677,0,125.700624084,128.111253946,-78.2797995783,-128.111253946,-2.410629862,1,,,,,,,,False
266,00-0040131,Kyle Williams,WR,NE,56.2738975387,0,133.19653303,134.583314587,-78.3094170483,-134.583314587,-1.386781557,1,,,,,,,,False
267,00-0040644,Trevor Etienne,RB,CAR,49.7015168365,0,126.737537702,128.207979266,-78.5064624295,-128.207979266,-1.470441564,1,,,,,,,,False
268,00-0038551,Kendre Miller,RB,NO,49.490617929,0,125.597368053,128.207979266,-78.717361337,-128.207979266,-2.610611213,1,,,,,,,,False
269,00-0034837,Calvin Ridley,WR,TEN,55.5086188227,0,134.220516876,134.583314587,-79.0746957643,-134.583314587,-0.362797711,1,154.3,13.1,144,-125,9,943,2026-07-04,False
270,00-0040466,Raheim Sanders,RB,CLE,48.9276432566,0,126.546082516,128.207979266,-79.2803360094,-128.207979266,-1.66189675,1,,,,,,,,False
271,00-0039874,Jaylen Wright,RB,MIA,48.8555161988,0,124.706718324,128.207979266,-79.3524630672,-128.207979266,-3.501260942,1,,,,,,,,False
272,00-0040194,Jackson Hawes,TE,BUF,48.652045217,0,124.60518239,128.111253946,-79.459208729,-128.111253946,-3.506071556,1,,,,,,,,False
273,00-0040729,Jack Bech,WR,LV,54.7511172929,0,131.345719547,134.583314587,-79.8321972941,-134.583314587,-3.23759504,1,,,,,,,,False
274,00-0037614,John Metchie III,WR,NYJ,54.7443278312,0,130.647816932,134.583314587,-79.8389867558,-134.583314587,-3.935497655,1,,,,,,,,False
275,00-0034975,Justice Hill,RB,BAL,47.7110774015,0,123.491851223,128.207979266,-80.4969018645,-128.207979266,-4.716128043,1,,,,,,,,False
276,00-0041096,Kaytron Allen,RB,WAS,47.1231493974,2.57140650092,89.6994208274,128.207979266,-81.0848298686,-125.636572765,-38.5085584386,1,,,,,,,,True
277,00-0039451,Isaiah Williams,WR,NYJ,52.8326751943,0,128.569793876,134.583314587,-81.7506393927,-134.583314587,-6.013520711,1,,,,,,,,False
278,00-0035500,Greg Dortch,WR,ARI,52.4695454538,0,129.801679661,134.583314587,-82.1137691332,-134.583314587,-4.781634926,1,,,,,,,,False
279,00-0040164,Jaylin Lane,WR,WAS,52.4189519183,0,128.184458391,134.583314587,-82.1643626687,-134.583314587,-6.398856196,1,,,,,,,,False
280,00-0038705,Emari Demercado,RB,ARI,45.9312592767,0,121.584299864,128.207979266,-82.2767199893,-128.207979266,-6.623679402,1,,,,,,,,False
281,00-0040888,Adam Randall,RB,BAL,45.6066126515,0,87.7321829343,128.207979266,-82.6013666145,-128.207979266,-40.4757963317,1,,,,,,,,True
282,00-0033307,Kendrick Bourne,WR,SF,51.8902863735,0,128.238129957,134.583314587,-82.6930282135,-134.583314587,-6.34518463,1,,,,,,,,False
283,00-0040586,Jaydon Blue,RB,DAL,45.0872239657,0,122.165158572,128.207979266,-83.1207553003,-128.207979266,-6.042820694,1,,,,,,,,False
284,00-0037666,Jalen Tolbert,WR,DAL,51.2832371394,0,127.08178132,134.583314587,-83.3000774476,-134.583314587,-7.501533267,1,,,,,,,,False
285,00-0041524,Will Kacmarek,TE,MIA,44.7500710373,15.0278786097,74.7339801278,128.111253946,-83.3611829087,-113.083375336,-53.3772738182,1,,,,,,,,True
286,00-0031610,Darren Waller,TE,MIA,44.5889255928,0,121.211177879,128.111253946,-83.5223283532,-128.111253946,-6.900076067,1,,,,,,,,False
287,00-0041503,Nate Boerkircher,TE,JAX,44.4923401669,12.3030477542,76.5352930872,128.111253946,-83.6189137791,-115.808206192,-51.5759608588,1,,,,,,,,True
288,00-0039041,Elijah Higgins,TE,ARI,44.2985127407,0,119.945144728,128.111253946,-83.8127412053,-128.111253946,-8.166109218,1,,,,,,,,False
289,00-0038794,Jaleel McLaughlin,RB,DEN,44.2932409637,0,120.051676379,128.207979266,-83.9147383023,-128.207979266,-8.156302887,1,,,,,,,,False
290,00-0035249,Josh Oliver,TE,MIN,43.3996145524,0,119.205918082,128.111253946,-84.7116393936,-128.111253946,-8.905335864,1,,,,,,,,False
291,00-0038979,Cedric Tillman,WR,CLE,49.4742846602,0,125.616128037,134.583314587,-85.1090299268,-134.583314587,-8.96718655,1,,,,,,,,False
292,00-0032392,Austin Hooper,TE,NE,42.9517096827,0,118.629566581,128.111253946,-85.1595442633,-128.111253946,-9.481687365,1,,,,,,,,False
293,00-0041443,Skyler Bell,WR,BUF,49.243889171,3.21681927085,92.1667117466,134.583314587,-85.339425416,-131.366495316,-42.4166028404,1,,,,,,,,True
294,00-0036988,Josh Palmer,WR,BUF,49.1718672625,0,124.92844296,134.583314587,-85.4114473245,-134.583314587,-9.654871627,1,,,,,,,,False
295,00-0030564,DeAndre Hopkins,WR,BAL,48.7278614878,0,125.041647667,134.583314587,-85.8554530992,-134.583314587,-9.54166692,1,,,,,,,,False
296,00-0039424,Devaughn Vele,WR,NO,48.2051785323,0,124.326092302,134.583314587,-86.3781360547,-134.583314587,-10.257222285,1,,,,,,,,False
297,00-0037805,Jeremy Ruckert,TE,NYJ,41.5507736966,0,117.198512098,128.111253946,-86.5604802494,-128.111253946,-10.912741848,1,,,,,,,,False
298,00-0041397,Kaden Wetjen,WR,PIT,48.0203323792,0,94.6324125815,134.583314587,-86.5629822078,-134.583314587,-39.9509020055,1,,,,,,,,True
299,00-0041069,Colbie Young,WR,CIN,47.9874829744,7.71753595974,86.5833413681,134.583314587,-86.5958316126,-126.865778627,-47.9999732189,1,,,,,,,,True
300,00-0033110,Tyler Higbee,TE,LA,41.4024180751,0,117.127326907,128.111253946,-86.7088358709,-128.111253946,-10.983927039,1,,,,,,,,False
301,00-0041067,Bryce Lance,WR,NOR,47.6503863005,5.15197320988,87.7137674566,134.583314587,-86.9329282865,-129.431341377,-46.8695471304,1,,,,,,,,True
302,00-0039912,Ben Sinnott,TE,WAS,40.7047813864,0,116.780235769,128.111253946,-87.4064725596,-128.111253946,-11.331018177,1,,,,,,,,False
303,00-0040238,LeQuint Allen Jr.,RB,JAX,40.7137882033,0,116.587304845,128.207979266,-87.4941910627,-128.207979266,-11.620674421,1,,,,,,,,False
304,00-0041529,Kevin Coleman Jr.,WR,MIA,47.0670918895,2.07241063878,88.7879696057,134.583314587,-87.5162226975,-132.510903948,-45.7953449813,1,,,,,,,,True
305,00-0039920,Malachi Corley,WR,CLE,46.1671083635,0,122.380737495,134.583314587,-88.4162062235,-134.583314587,-12.202577092,1,,,,,,,,False
306,00-0041129,Jam Miller,RB,NWE,39.2019184954,1.97064221471,75.4861199002,128.207979266,-89.0060607706,-126.237337051,-52.7218593658,1,,,,,,,,True
307,00-0038738,Hunter Luepke,RB,DAL,38.6272948381,0,114.313978478,128.207979266,-89.5806844279,-128.207979266,-13.894000788,1,,,,,,,,False
308,00-0039739,Roman Wilson,WR,PIT,44.6323572447,0,120.472678121,134.583314587,-89.9509573423,-134.583314587,-14.110636466,1,,,,,,,,False
309,00-0032464,Kalif Raymond,WR,DET,44.4111871975,0,120.613727443,134.583314587,-90.1721273895,-134.583314587,-13.969587144,1,,,,,,,,False
310,00-0036637,Noah Gray,TE,KC,37.8826452075,0,113.572292548,128.111253946,-90.2286087385,-128.111253946,-14.538961398,1,,,,,,,,False
311,00-0038685,Chris Brooks,RB,GB,37.2794238992,0,113.202162677,128.207979266,-90.9285553668,-128.207979266,-15.005816589,1,,,,,,,,False
312,00-0038679,Tyrell Shavers,WR,BUF,43.630899398,0,119.411956677,134.583314587,-90.952415189,-134.583314587,-15.17135791,1,,,,,,,,False
313,00-0039405,Jawhar Jordan,RB,HOU,36.9279752039,0,112.877245561,128.207979266,-91.2800040621,-128.207979266,-15.330733705,1,,,,,,,,False
314,00-0038440,Zavier Scott,RB,MIN,36.8118902632,0,113.150767695,128.207979266,-91.3960890028,-128.207979266,-15.057211571,1,,,,,,,,False
315,00-0040142,Kaleb Johnson,RB,PIT,36.5059607202,0,113.541311111,128.207979266,-91.7020185458,-128.207979266,-14.666668155,1,,,,,,,,False
316,00-0036626,Dyami Brown,WR,JAX,42.803688447,0,118.645104728,134.583314587,-91.77962614,-134.583314587,-15.938209859,1,,,,,,,,False
317,00-0033857,JuJu Smith-Schuster,WR,KC,42.3236305729,0,118.191179487,134.583314587,-92.2596840141,-134.583314587,-16.3921351,1,,,,,,,,False
318,00-0033955,Jeremy McNichols,RB,WAS,35.357121534,0,111.267139121,128.207979266,-92.850857732,-128.207979266,-16.940840145,1,,,,,,,,False
319,00-0039355,Luke McCaffrey,WR,WAS,41.2791738811,0,117.03306438,134.583314587,-93.3041407059,-134.583314587,-17.550250207,1,,,,,,,,False
320,00-0040179,DJ Giddens,RB,IND,34.7475255224,0,110.9723192,128.207979266,-93.4604537436,-128.207979266,-17.235660066,1,,,,,,,,False
321,00-0036415,Van Jefferson,WR,TEN,41.0375398352,0,116.836893552,134.583314587,-93.5457747518,-134.583314587,-17.746421035,1,,,,,,,,False
322,00-0041446,Kendrick Law,WR,DET,40.8112223239,0,79.8961338217,134.583314587,-93.7720922631,-134.583314587,-54.6871807653,1,,,,,,,,True
323,00-0039757,Terrell Jennings,RB,NE,34.3101498183,0,110.646245161,128.207979266,-93.8978294477,-128.207979266,-17.561734105,1,,,,,,,,False
324,00-0039792,Devontez Walker,WR,BAL,40.6712238405,0,117.24137528,134.583314587,-93.9120907465,-134.583314587,-17.341939307,1,,,,,,,,False
325,00-0041077,Justin Joly,TE,DEN,34.0763639166,10.3446839265,56.4957530779,128.111253946,-94.0348900294,-117.76657002,-71.6155008681,1,,,,,,,,True
326,00-0040890,Cyrus Allen,WR,KAN,40.5180410524,0,76.1621668047,134.583314587,-94.0652735346,-134.583314587,-58.4211477823,1,,,,,,,,True
327,00-0040277,Jahdae Walker,WR,CHI,40.461050908,0,117.43853891,134.583314587,-94.122263679,-134.583314587,-17.144775677,1,,,,,,,,False
328,00-0040218,Jimmy Horn Jr.,WR,CAR,40.2592760894,0,116.097583345,134.583314587,-94.3240384976,-134.583314587,-18.485731242,1,,,,,,,,False
329,00-0040556,Corey Kiner,RB,ARI,33.869328667,0,110.047533011,128.207979266,-94.338650599,-128.207979266,-18.160446255,1,,,,,,,,False
330,00-0033119,Jacoby Brissett,QB,ARI,132.273042229,49.9051528023,214.640931655,227.064343853,-94.791301624,-177.159191051,-12.423412198,1,,,,,,,,False
331,00-0040743,Tyler Shough,QB,NO,132.240456861,55.6114032518,208.86951047,227.064343853,-94.823886992,-171.452940601,-18.194833383,1,153.3,13.09,142,-189,8,943,2026-07-04,False
332,00-0037741,Jahan Dotson,WR,PHI,39.7167078329,0,115.45576126,134.583314587,-94.8666067541,-134.583314587,-19.127553327,1,,,,,,,,False
333,00-0023459,Aaron Rodgers,QB,PIT,131.520002865,54.5872296576,208.452776073,227.064343853,-95.544340988,-172.477114195,-18.61156778,1,,,,,,,,False
334,00-0040009,Savion Williams,WR,GB,38.985062411,0,115.275875652,134.583314587,-95.598252176,-134.583314587,-19.307438935,1,,,,,,,,False
335,00-0040259,Gage Larvadain,WR,CLE,38.661648635,0,115.478879816,134.583314587,-95.921665952,-134.583314587,-19.104434771,1,,,,,,,,False
336,00-0036422,Adam Trautman,TE,DEN,31.6094872652,0,107.533722705,128.111253946,-96.5017666808,-128.111253946,-20.577531241,1,,,,,,,,False
337,00-0037563,Malik Davis,RB,DAL,31.6922784542,0,107.768521756,128.207979266,-96.5157008118,-128.207979266,-20.43945751,1,,,,,,,,False
338,00-0040676,Cam Ward,QB,TEN,130.511575804,34.5640111487,226.45914046,227.064343853,-96.552768049,-192.500332704,-0.605203393,1,,,,,,,,False
339,00-0032211,Tyler Lockett,WR,LV,37.9352198094,0,113.899018526,134.583314587,-96.6480947776,-134.583314587,-20.684296061,1,,,,,,,,False
340,00-0039794,Braelon Allen,RB,NYJ,31.2445975768,0,107.137417484,128.207979266,-96.9633816892,-128.207979266,-21.070561782,1,,,,,,,,False
341,00-0041099,Barion Brown,WR,NOR,37.5628764861,0,73.3494898214,134.583314587,-97.0204381009,-134.583314587,-61.2338247656,1,,,,,,,,True
342,00-0031236,Brandin Cooks,WR,NO,37.4439979698,0,113.400899138,134.583314587,-97.1393166172,-134.583314587,-21.182415449,1,,,,,,,,False
343,00-0036980,Elijah Moore,WR,BUF,37.0003276599,0,113.757218202,134.583314587,-97.5829869271,-134.583314587,-20.826096385,1,,,,,,,,False
344,00-0037267,Jerome Ford,RB,CLE,30.5172263657,0,106.303632614,128.207979266,-97.6907529003,-128.207979266,-21.904346652,1,,,,,,,,False
345,00-0038840,Brycen Tremayne,WR,CAR,36.5201391851,0,112.464981169,134.583314587,-98.0631754019,-134.583314587,-22.118333418,1,,,,,,,,False
346,00-0036755,Jaret Patterson,RB,LAC,30.0776483678,0,106.121534625,128.207979266,-98.1303308982,-128.207979266,-22.086444641,1,,,,,,,,False
347,00-0032385,Sterling Shepard,WR,TB,36.3996460235,0,112.524641401,134.583314587,-98.1836685635,-134.583314587,-22.058673186,1,,,,,,,,False
348,00-0036945,Justin Fields,QB,NYJ,128.497163822,50.2551328003,206.739194844,227.064343853,-98.567180031,-176.809211053,-20.325149009,1,,,,,,,,False
349,00-0040887,Josh Cuevas,TE,BAL,29.3302435131,7.60785926576,51.1417102162,128.111253946,-98.7810104329,-120.50339468,-76.9695437298,1,,,,,,,,True
350,00-0040894,Malik Benson,WR,LVR,35.6152335616,0,69.6795542453,134.583314587,-98.9680810254,-134.583314587,-64.9037603417,1,,,,,,,,True
351,00-0038547,Luke Schoonmaker,TE,DAL,28.3612336962,0,104.016122676,128.111253946,-99.7500202498,-128.111253946,-24.09513127,1,,,,,,,,False
352,00-0038046,Charlie Kolar,TE,BAL,28.3397333254,0,104.079772834,128.111253946,-99.7715206206,-128.111253946,-24.031481112,1,,,,,,,,False
353,00-0039589,Kameron Johnson,WR,TB,34.7433551529,0,112.077469479,134.583314587,-99.8399594341,-134.583314587,-22.505845108,1,,,,,,,,False
354,00-0037306,John FitzPatrick,TE,GB,27.953785923,0,103.902271036,128.111253946,-100.157468023,-128.111253946,-24.20898291,1,,,,,,,,False
355,00-0037085,Tyler Badie,RB,DEN,27.8977019279,0,103.692985345,128.207979266,-100.310277338,-128.207979266,-24.514993921,1,,,,,,,,False
356,00-0040895,Emmanuel Henderson Jr.,WR,SEA,34.2527617531,0.261517689519,65.3806552503,134.583314587,-100.330552834,-134.321796897,-69.2026593367,1,,,,,,,,True
357,00-0040154,Tai Felton,WR,MIN,34.1439518516,0,110.362608029,134.583314587,-100.439362735,-134.583314587,-24.220706558,1,,,,,,,,False
358,00-0036972,Mac Jones,QB,SF,126.611017745,45.0646846645,208.157350825,227.064343853,-100.453326108,-181.999659189,-18.906993028,1,,,,,,,,False
359,00-0036196,Gabe Davis,WR,BUF,34.129050843,0,109.878700474,134.583314587,-100.454263744,-134.583314587,-24.704614113,1,,,,,,,,False
360,00-0037004,Hunter Long,TE,JAX,27.3562056612,0,103.352905168,128.111253946,-100.755048285,-128.111253946,-24.758348778,1,,,,,,,,False
361,00-0038720,Julian Hill,TE,MIA,26.9608338157,0,102.619139896,128.111253946,-101.15042013,-128.111253946,-25.49211405,1,,,,,,,,False
362,00-0041399,CJ Daniels,WR,LAR,33.3858853249,0.0723778937879,64.8466775983,134.583314587,-101.197429262,-134.510936693,-69.7366369887,1,,,,,,,,True
363,00-0035228,Kyler Murray,QB,ARI,125.67117988,46.6534312442,204.688928517,227.064343853,-101.393163973,-180.410912609,-22.375415336,1,143.3,12.11,138,-225,6,943,2026-07-04,False
364,00-0040509,Ben Yurosek,TE,MIN,26.5263083523,0,102.681379739,128.111253946,-101.584945594,-128.111253946,-25.429874207,1,,,,,,,,False
365,00-0037231,Kevin Austin Jr.,WR,NO,32.916930429,0,108.885636231,134.583314587,-101.666384158,-134.583314587,-25.697678356,1,,,,,,,,False
366,00-0040581,Dont'e Thornton Jr.,WR,LV,32.8495815362,0,108.54079167,134.583314587,-101.733733051,-134.583314587,-26.042522917,1,,,,,,,,False
367,00-0041081,Max Bredeson,TE,MIN,25.9746412253,1.39015316005,49.083013623,128.111253946,-102.136612721,-126.721100786,-79.028240323,1,,,,,,,,True
368,00-0036754,Brock Wright,TE,DET,25.9213896132,0,101.600615545,128.111253946,-102.189864333,-128.111253946,-26.510638401,1,,,,,,,,False
369,00-0041100,Josh Cameron,WR,JAX,32.164327952,0,63.4315535592,134.583314587,-102.418986635,-134.583314587,-71.1517610278,1,,,,,,,,True
370,00-0040024,Darius Cooper,WR,PHI,32.0341285901,0,108.477288278,134.583314587,-102.549185997,-134.583314587,-26.106026309,1,,,,,,,,False
371,00-0035406,Lil'Jordan Humphrey,WR,DEN,31.7084889804,0,107.417909833,134.583314587,-102.874825607,-134.583314587,-27.165404754,1,,,,,,,,False
372,00-0041467,Lewis Bond,WR,HOU,31.502398132,0,63.4093888837,134.583314587,-103.080916455,-134.583314587,-71.1739257033,1,,,,,,,,True
373,00-0040879,Matthew Hibner,TE,BAL,24.9322746028,0.823255612933,48.0775416585,128.111253946,-103.178979343,-127.287998333,-80.0337122875,1,,,,,,,,True
374,00-0034775,Christian Kirk,WR,HOU,31.3526026466,0,107.17928585,134.583314587,-103.23071194,-134.583314587,-27.404028737,1,,,,,,,,False
375,00-0038090,Skyy Moore,WR,SF,30.832906531,0,107.023862015,134.583314587,-103.750408056,-134.583314587,-27.559452572,1,,,,,,,,False
376,00-0038839,Mitchell Tinsley,WR,CIN,30.5956414061,0,106.367233242,134.583314587,-103.987673181,-134.583314587,-28.216081345,1,,,,,,,,False
377,00-0041106,CJ Williams,WR,JAX,30.1712924583,0,60.3500901059,134.583314587,-104.412022129,-134.583314587,-74.2332244811,1,,,,,,,,True
378,00-0039796,Rasheen Ali,RB,BAL,23.7078501314,0,99.6261723129,128.207979266,-104.500129135,-128.207979266,-28.5818069531,1,,,,,,,,False
379,00-0039751,Jordan Whittington,WR,LA,29.8784439856,0,105.59029319,134.583314587,-104.704870601,-134.583314587,-28.993021397,1,,,,,,,,False
380,00-0039530,Brevyn Spann-Ford,TE,DAL,23.1235735863,0,98.8570983783,128.111253946,-104.98768036,-128.111253946,-29.2541555677,1,,,,,,,,False
381,00-0036328,Antonio Gibson,RB,NE,23.1275351917,0,98.8134000916,128.207979266,-105.080444074,-128.207979266,-29.3945791744,1,,,,,,,,False
382,00-0039746,Will Shipley,RB,PHI,22.9802593379,0,98.8104189941,128.207979266,-105.227719928,-128.207979266,-29.3975602719,1,,,,,,,,False
383,00-0040582,Arian Smith,WR,NYJ,29.1367027824,0,105.419492777,134.583314587,-105.446611805,-134.583314587,-29.16382181,1,,,,,,,,False
384,00-0038359,Xavier Smith,WR,LA,28.6984100475,0,104.685360383,134.583314587,-105.884904539,-134.583314587,-29.897954204,1,,,,,,,,False
385,00-0035243,Miles Sanders,RB,DAL,21.9959251895,0,97.771678445,128.207979266,-106.212054076,-128.207979266,-30.436300821,1,,,,,,,,False
386,00-0032775,Demarcus Robinson,WR,SF,27.8973362366,0,103.863468437,134.583314587,-106.68597835,-134.583314587,-30.71984615,1,,,,,,,,False
387,00-0041125,Seth McGowan,RB,IND,21.518937246,0,45.8348237509,128.207979266,-106.68904202,-128.207979266,-82.3731555151,1,,,,,,,,True
388,00-0033375,Tim Patrick,WR,JAX,27.784805533,0,104.149624193,134.583314587,-106.798509054,-134.583314587,-30.433690394,1,,,,,,,,False
389,00-0035631,Drew Sample,TE,CIN,21.3043545022,0,97.0582765617,128.111253946,-106.806899444,-128.111253946,-31.0529773843,1,,,,,,,,False
390,00-0036182,Nick Westbrook-Ikhine,WR,MIA,27.6558048855,0,103.553866159,134.583314587,-106.927509701,-134.583314587,-31.029448428,1,,,,,,,,False
391,00-0040506,Myles Price,WR,MIN,27.446325636,0,103.216799798,134.583314587,-107.136988951,-134.583314587,-31.366514789,1,,,,,,,,False
392,00-0034613,Tanner Hudson,TE,CIN,20.6386058356,0,96.435840247,128.111253946,-107.47264811,-128.111253946,-31.675413699,1,,,,,,,,False
393,00-0041084,Tanner Koziol,TE,JAX,20.5922124164,5.09759576422,36.8378799319,128.111253946,-107.51904153,-123.013658182,-91.2733740141,1,,,,,,,,True
394,00-0040901,Jaren Kanak,TE,TEN,20.2281953573,3.33813949016,37.1494246223,128.111253946,-107.883058589,-124.773114456,-90.9618293237,1,,,,,,,,True
395,00-0039603,British Brooks,RB,HOU,20.2995159978,0,95.9951570199,128.207979266,-107.908463268,-128.207979266,-32.2128222461,1,,,,,,,,False
396,00-0039299,George Holani,RB,SEA,20.0566112136,0,95.7615731069,128.207979266,-108.151368052,-128.207979266,-32.4464061591,1,,,,,,,,False
397,00-0030035,Adam Thielen,WR,MIN,26.1022911766,0,103.457929254,134.583314587,-108.48102341,-134.583314587,-31.125385333,1,,,,,,,,False
398,00-0039359,Cade Stover,TE,HOU,19.4394123846,0,95.1443734532,128.111253946,-108.671841561,-128.111253946,-32.9668804928,1,,,,,,,,False
399,00-0040900,Anthony Smith,WR,DAL,25.8734392047,0,52.949327336,134.583314587,-108.709875382,-134.583314587,-81.633987251,1,,,,,,,,True
400,00-0037742,Treylon Burks,WR,WAS,25.6367086129,0,101.614185646,134.583314587,-108.946605974,-134.583314587,-32.969128941,1,,,,,,,,False
401,00-0040534,Ke'Shawn Williams,WR,PIT,25.2486502319,0,101.073307683,134.583314587,-109.334664355,-134.583314587,-33.510006904,1,,,,,,,,False
402,00-0032104,Ameer Abdullah,RB,IND,18.8301293268,0,95.1089221865,128.207979266,-109.377849939,-128.207979266,-33.0990570795,1,,,,,,,,False
403,00-0036849,Tutu Atwell,WR,LA,25.1156414954,0,100.892395744,134.583314587,-109.467673092,-134.583314587,-33.690918843,1,,,,,,,,False
404,00-0034159,Will Dissly,TE,LAC,18.585438855,0,94.326415151,128.111253946,-109.525815091,-128.111253946,-33.784838795,1,,,,,,,,False
405,00-0041398,Riley Nowakowski,TE,PIT,18.2652780511,0,37.9130382598,128.111253946,-109.845975895,-128.111253946,-90.1982156862,1,,,,,,,,True
406,00-0038896,Jacob Saylors,RB,DET,18.2438849242,0,93.9853517867,128.207979266,-109.964094342,-128.207979266,-34.2226274793,1,,,,,,,,False
407,00-0036427,Tyler Johnson,WR,NYJ,24.4567010765,0,100.299794092,134.583314587,-110.12661351,-134.583314587,-34.283520495,1,,,,,,,,False
408,00-0038564,Cameron Latu,TE,PHI,17.6906620324,0,93.3996072743,128.111253946,-110.420591914,-128.111253946,-34.7116466717,1,,,,,,,,False
409,00-0041094,Bauer Sharp,TE,TAM,17.3954584017,2.26196738267,31.8830036025,128.111253946,-110.715795544,-125.849286563,-96.2282503435,1,,,,,,,,True
410,00-0039521,Xavier Weaver,WR,ARI,23.7621536143,0,99.733620397,134.583314587,-110.821160973,-134.583314587,-34.84969419,1,,,,,,,,False
411,00-0040208,Tahj Brooks,RB,CIN,17.3820155717,0,93.192306907,128.207979266,-110.825963694,-128.207979266,-35.015672359,1,,,,,,,,False
412,00-0041116,Jack Endries,TE,CIN,16.8651160191,3.47617968196,30.563427478,128.111253946,-111.246137927,-124.635074264,-97.547826468,1,,,,,,,,True
413,00-0040590,Konata Mumpfield,WR,LA,23.0092345262,0,98.7556916969,134.583314587,-111.574080061,-134.583314587,-35.8276228901,1,,,,,,,,False
414,00-0041087,Joe Royer,TE,CLE,16.5039515448,0,33.7246643492,128.111253946,-111.607302401,-128.111253946,-94.3865895968,1,,,,,,,,True
415,00-0039923,J.J. McCarthy,QB,MIN,115.423065317,38.6571087859,192.189021848,227.064343853,-111.641278536,-188.407235067,-34.875322005,1,,,,,,,,False
416,00-0039458,Brenden Bates,TE,CLE,16.4245861116,0,92.1168416774,128.111253946,-111.686667834,-128.111253946,-35.9944122686,1,,,,,,,,False
417,00-0037304,Connor Heyward,TE,PIT,16.3344648255,0,92.369868329,128.111253946,-111.776789121,-128.111253946,-35.741385617,1,,,,,,,,False
418,00-0036590,Quintin Morris,TE,JAX,16.0960758044,0,91.8410169175,128.111253946,-112.015178142,-128.111253946,-36.2702370285,1,,,,,,,,False
419,00-0039686,Colson Yankoff,TE,WAS,15.7477534246,0,91.7399338196,128.111253946,-112.363500521,-128.111253946,-36.3713201264,1,,,,,,,,False
420,00-0039648,David Martin-Robinson,TE,TEN,15.7143159775,0,91.5831783031,128.111253946,-112.396937968,-128.111253946,-36.5280756429,1,,,,,,,,False
421,00-0037594,Julius Chestnut,RB,TEN,15.5638822737,0,91.4093286914,128.207979266,-112.644096992,-128.207979266,-36.7986505746,1,,,,,,,,False
422,00-0039917,Michael Penix Jr.,QB,ATL,114.303440602,33.7123314682,194.894549735,227.064343853,-112.760903251,-193.352012385,-32.169794118,1,,,,,,,,False
423,00-0040563,Efton Chism III,WR,NE,21.4409740297,0,97.3050095832,134.583314587,-113.142340557,-134.583314587,-37.2783050038,1,,,,,,,,False
424,00-0038783,Nate Adkins,TE,DEN,14.640115017,0,90.3021240722,128.111253946,-113.471138929,-128.111253946,-37.8091298738,1,,,,,,,,False
425,00-0040058,Nick Kallerup,TE,SEA,14.5914957668,0,90.2863489698,128.111253946,-113.519758179,-128.111253946,-37.8249049762,1,,,,,,,,False
426,00-0035645,Gunner Olszewski,WR,NYG,20.8574755011,0,96.99165115,134.583314587,-113.725839086,-134.583314587,-37.591663437,1,,,,,,,,False
427,00-0030565,Geno Smith,QB,LV,113.048950526,35.998762998,190.099138053,227.064343853,-114.015393327,-191.065580855,-36.9652058,1,,,,,,,,False
428,00-0040184,KeAndre Lambert-Smith,WR,LAC,20.3613012784,0,96.0630875977,134.583314587,-114.222013309,-134.583314587,-38.5202269893,1,,,,,,,,False
429,00-0041132,Deion Burks,WR,IND,20.2474023802,0,43.1722333236,134.583314587,-114.335912207,-134.583314587,-91.4110812634,1,,,,,,,,True
430,00-0036887,Luke Farrell,TE,SF,13.5517333965,0,89.4743317766,128.111253946,-114.55952055,-128.111253946,-38.6369221694,1,,,,,,,,False
431,00-0039394,Casey Washington,WR,ATL,20.0016841784,0,95.690915075,134.583314587,-114.581630409,-134.583314587,-38.892399512,1,,,,,,,,False
432,00-0032268,Marcus Mariota,QB,WAS,112.202847654,24.7703455715,199.635349737,227.064343853,-114.861496199,-202.293998281,-27.428994116,1,,,,,,,,False
433,00-0041131,Carsen Ryan,TE,CLE,12.9791784276,0,26.4627825752,128.111253946,-115.132075518,-128.111253946,-101.648471371,1,,,,,,,,True
434,00-0039021,Roschon Johnson,RB,CHI,12.6760517761,0,88.435321305,128.207979266,-115.53192749,-128.207979266,-39.772657961,1,,,,,,,,False
435,00-0037475,Stone Smartt,TE,NYJ,12.4581030478,0,88.1178931702,128.111253946,-115.653150898,-128.111253946,-39.9933607758,1,,,,,,,,False
436,00-0040075,LaJohntay Wester,WR,BAL,18.8890998631,0,94.6482533247,134.583314587,-115.694214724,-134.583314587,-39.9350612623,1,,,,,,,,False
437,00-0039305,Jack Westover,TE,NE,12.3684948455,0,88.0379284435,128.111253946,-115.742759101,-128.111253946,-40.0733255025,1,,,,,,,,False
438,00-0038953,Dylan Drummond,WR,ATL,18.739776817,0,94.5336262168,134.583314587,-115.84353777,-134.583314587,-40.0496883702,1,,,,,,,,False
439,00-0038710,Blake Whiteheart,TE,CLE,12.2124751907,0,87.8987366348,128.111253946,-115.898778755,-128.111253946,-40.2125173112,1,,,,,,,,False
440,00-0038465,Malik Heath,WR,GB,18.316161468,0,94.0531622777,134.583314587,-116.267153119,-134.583314587,-40.5301523093,1,,,,,,,,False
441,00-0038589,Josh Whyle,TE,GB,11.3578243085,0,87.0296493631,128.111253946,-116.753429638,-128.111253946,-41.0816045829,1,,,,,,,,False
442,00-0034365,Ian Thomas,TE,LV,11.2738041454,0,87.0238688813,128.111253946,-116.837449801,-128.111253946,-41.0873850647,1,,,,,,,,False
443,00-0036265,AJ Dillon,RB,PHI,11.2051524981,0,87.2546742626,128.207979266,-117.002826768,-128.207979266,-40.9533050034,1,,,,,,,,False
444,00-0037120,Tyler Goodson,RB,IND,11.0310594781,0,86.687436992,128.207979266,-117.176919788,-128.207979266,-41.520542274,1,,,,,,,,False
445,00-0033282,Curtis Samuel,WR,BUF,17.3753814441,0,93.0995186106,134.583314587,-117.207933143,-134.583314587,-41.4837959764,1,,,,,,,,False
446,00-0035359,David Sills,WR,ATL,17.0128058653,0,92.8611346588,134.583314587,-117.570508722,-134.583314587,-41.7221799282,1,,,,,,,,False
447,00-0036414,Cam Akers,RB,MIN,10.5945159871,0,86.679017655,128.207979266,-117.613463279,-128.207979266,-41.528961611,1,,,,,,,,False
448,00-0036628,John Bates,TE,WAS,10.449964131,0,87.0188495927,128.111253946,-117.661289815,-128.111253946,-41.0924043533,1,,,,,,,,False
449,00-0040432,Beaux Collins,WR,NYG,16.0785932887,0,91.8592590283,134.583314587,-118.504721298,-134.583314587,-42.7240555587,1,,,,,,,,False
450,00-0033357,Taysom Hill,TE,NO,9.59176693075,0,90.6382877933,128.111253946,-118.519487015,-128.111253946,-37.4729661527,1,,,,,,,,False
451,00-0037348,Tanner Conner,TE,MIA,9.55683907116,0,85.3249797856,128.111253946,-118.554414875,-128.111253946,-42.7862741604,1,,,,,,,,False
452,00-0034981,Foster Moreau,TE,NO,9.50068203697,0,85.3627602514,128.111253946,-118.610571909,-128.111253946,-42.7484936946,1,,,,,,,,False
453,00-0040205,Kalel Mullings,RB,TEN,9.43395812589,0,85.2820028755,128.207979266,-118.77402114,-128.207979266,-42.9259763905,1,,,,,,,,False
454,00-0036727,Adam Prentice,RB,DEN,9.33963255352,0,85.030290172,128.207979266,-118.868346712,-128.207979266,-43.177689094,1,,,,,,,,False
455,00-0036741,Jack Stoll,TE,NO,8.95206500913,0,84.6162677148,128.111253946,-119.159188937,-128.111253946,-43.4949862312,1,,,,,,,,False
456,00-0038397,Evan Hull,RB,NO,8.83189861361,0,84.5701342814,128.207979266,-119.376080652,-128.207979266,-43.6378449846,1,,,,,,,,False
457,00-0036876,Kylen Granson,TE,PHI,8.71571594601,0,84.5542094788,128.111253946,-119.395538,-128.111253946,-43.5570444672,1,,,,,,,,False
458,00-0037086,Grant Calcaterra,TE,PHI,8.35856928873,0,84.3088390803,128.111253946,-119.752684657,-128.111253946,-43.8024148657,1,,,,,,,,False
459,00-0039623,Mason Tipton,WR,NO,14.5798698504,0,90.3519127605,134.583314587,-120.003444737,-134.583314587,-44.2314018265,1,,,,,,,,False
460,00-0037617,Hassan Haskins,RB,LAC,7.86141505071,0,83.5361532669,128.207979266,-120.346564215,-128.207979266,-44.6718259991,1,,,,,,,,False
461,00-0037557,Ronnie Rivers,RB,LA,6.95951454537,0,82.8837238596,128.207979266,-121.248464721,-128.207979266,-45.3242554064,1,,,,,,,,False
462,00-0039364,Sione Vaki,RB,DET,6.90573522838,0,82.7089782554,128.207979266,-121.302244038,-128.207979266,-45.4990010106,1,,,,,,,,False
463,00-0039363,Isaac Guerendo,RB,SF,6.89295862358,0,82.9699502083,128.207979266,-121.315020642,-128.207979266,-45.2380290577,1,,,,,,,,False
464,00-0039379,Jamari Thrash,WR,CLE,13.2631546735,0,88.9570605482,134.583314587,-121.320159913,-134.583314587,-45.6262540388,1,,,,,,,,False
465,00-0034959,Andrew Beck,RB,NYJ,6.6803911128,0,82.3959797654,128.207979266,-121.527588153,-128.207979266,-45.8119995006,1,,,,,,,,False
466,00-0035021,Ashton Dulin,WR,IND,12.3939403011,0,88.2721475188,134.583314587,-122.189374286,-134.583314587,-46.3111670682,1,,,,,,,,False
467,00-0040649,Robbie Ouzts,RB,SEA,5.97903035171,0,82.00202765,128.207979266,-122.228948914,-128.207979266,-46.205951616,1,,,,,,,,False
468,00-0039754,Devin Culp,TE,TB,5.5705447944,0,81.3024819549,128.111253946,-122.540709152,-128.111253946,-46.8087719911,1,,,,,,,,False
469,00-0032398,Chris Moore,WR,WAS,11.7329253879,0,88.3439844237,134.583314587,-122.850389199,-134.583314587,-46.2393301633,1,,,,,,,,False
470,00-0039816,Anthony Gould,WR,IND,11.5692569712,0,87.3116431122,134.583314587,-123.014057616,-134.583314587,-47.2716714748,1,,,,,,,,False
471,00-0036165,Isaiah Hodgins,WR,NYG,11.1364508655,0,87.0240913178,134.583314587,-123.446863721,-134.583314587,-47.5592232692,1,,,,,,,,False
472,00-0038938,Jalin Hyatt,WR,NYG,11.1211242922,0,86.7955856237,134.583314587,-123.462190295,-134.583314587,-47.7877289633,1,,,,,,,,False
473,00-0033891,Zay Jones,WR,ARI,11.1024813658,0,86.9957883223,134.583314587,-123.480833221,-134.583314587,-47.5875262647,1,,,,,,,,False
474,00-0036842,Kene Nwangwu,RB,NYJ,4.28254838126,0,79.9646604676,128.207979266,-123.925430885,-128.207979266,-48.2433187984,1,,,,,,,,False
475,00-0038519,Nikko Remigio,WR,KC,10.3793890793,0,86.069791738,134.583314587,-124.203925508,-134.583314587,-48.513522849,1,,,,,,,,False
476,00-0033455,Anthony Firkser,TE,DET,3.74868414282,0,79.4396128397,128.111253946,-124.362569803,-128.111253946,-48.6716411063,1,,,,,,,,False
477,00-0037292,Andrew Ogletree,TE,IND,3.25928792549,0,79.0821314259,128.111253946,-124.851966021,-128.111253946,-49.0291225201,1,,,,,,,,False
478,00-0031687,Raheem Mostert,RB,LV,3.32816714057,0,79.4758452277,128.207979266,-124.879812125,-128.207979266,-48.7321340383,1,,,,,,,,False
479,00-0039407,Dylan Laube,RB,LV,3.22136980495,0,79.0085624383,128.207979266,-124.986609461,-128.207979266,-49.1994168277,1,,,,,,,,False
480,00-0041133,Dallen Bentley,TE,DEN,3.11647357054,0,7.86327613741,128.111253946,-124.994780375,-128.111253946,-120.247977809,1,,,,,,,,True
481,00-0034521,Allen Lazard,WR,NYJ,9.04177471407,0,84.9868530505,134.583314587,-125.541539873,-134.583314587,-49.5964615365,1,,,,,,,,False
482,00-0037654,Tucker Fisk,TE,LAC,2.49238257101,0,78.2473516344,128.111253946,-125.618871375,-128.111253946,-49.8639023116,1,,,,,,,,False
483,00-0036332,Josiah Deguara,TE,ARI,2.47071900647,0,78.2328550958,128.111253946,-125.64053494,-128.111253946,-49.8783988502,1,,,,,,,,False
484,00-0034270,Tyler Conklin,TE,LAC,2.40896970384,0,78.6989538347,128.111253946,-125.702284242,-128.111253946,-49.4123001113,1,,,,,,,,False
485,00-0038824,Ryan Miller,WR,TB,8.81839244929,0,84.4776753344,134.583314587,-125.764922138,-134.583314587,-50.1056392526,1,,,,,,,,False
486,00-0039050,Payne Durham,TE,TB,2.30949189939,0,78.1986874269,128.111253946,-125.801762047,-128.111253946,-49.9125665191,1,,,,,,,,False
487,00-0036630,Tylan Wallace,WR,BAL,8.72673437982,0,84.4330129726,134.583314587,-125.856580207,-134.583314587,-50.1503016144,1,,,,,,,,False
488,00-0033246,Johnny Mundt,TE,JAX,2.03300152754,0,78.0310203582,128.111253946,-126.078252418,-128.111253946,-50.0802335878,1,,,,,,,,False
489,00-0038573,Derius Davis,WR,LAC,8.44769947443,0,84.0933294497,134.583314587,-126.135615113,-134.583314587,-50.4899851373,1,,,,,,,,False
490,00-0033217,Mo Alie-Cox,TE,IND,1.734459344,0,78.0388830457,128.111253946,-126.376794602,-128.111253946,-50.0723709003,1,,,,,,,,False
491,00-0038496,Xavier Gipson,WR,PHI,7.79639474686,0,83.5358716251,134.583314587,-126.78691984,-134.583314587,-51.0474429619,1,,,,,,,,False
492,00-0035291,Trayveon Williams,RB,CLE,0.65393292097,0,76.6245967296,128.207979266,-127.554046345,-128.207979266,-51.5833825364,1,,,,,,,,False
493,00-0037487,Deven Thompkins,WR,ATL,6.91402217123,0,82.5677073217,134.583314587,-127.669292416,-134.583314587,-52.0156072653,1,,,,,,,,False
494,00-0036232,Harrison Bryant,TE,HOU,0,0,75.8458428657,128.111253946,-128.111253946,-128.111253946,-52.2654110803,1,,,,,,,,False
495,00-0034798,Durham Smythe,TE,CHI,0,0,75.7842050958,128.111253946,-128.111253946,-128.111253946,-52.3270488502,1,,,,,,,,False
496,00-0031484,Chris Manhertz,TE,NYG,0,0,75.7058501672,128.111253946,-128.111253946,-128.111253946,-52.4054037788,1,,,,,,,,False
497,00-0036429,Charlie Woerner,TE,ATL,0,0,75.9506614736,128.111253946,-128.111253946,-128.111253946,-52.1605924724,1,,,,,,,,False
498,00-0038643,Brayden Willis,TE,SF,0,0,75.7629242809,128.111253946,-128.111253946,-128.111253946,-52.3483296651,1,,,,,,,,False
499,00-0033576,Eric Saubert,TE,SEA,0,0,75.7947456236,128.111253946,-128.111253946,-128.111253946,-52.3165083224,1,,,,,,,,False
500,00-0036825,Feleipe Franks,TE,ATL,0,0,75.8731607592,128.111253946,-128.111253946,-128.111253946,-52.2380931868,1,,,,,,,,False
501,00-0033439,Pharaoh Brown,TE,ARI,0,0,75.7342864259,128.111253946,-128.111253946,-128.111253946,-52.3769675201,1,,,,,,,,False
502,00-0034073,Ross Dwelley,TE,DET,0,0,75.6899423198,128.111253946,-128.111253946,-128.111253946,-52.4213116262,1,,,,,,,,False
503,00-0037258,Dameon Pierce,RB,HOU,0,0,76.5858020128,128.207979266,-128.207979266,-128.207979266,-51.6221772532,1,,,,,,,,False
504,00-0035567,Craig Reynolds,RB,DET,0,0,75.8909635893,128.207979266,-128.207979266,-128.207979266,-52.3170156767,1,,,,,,,,False
505,00-0036906,Khalil Herbert,RB,NYJ,0,0,76.0576253028,128.207979266,-128.207979266,-128.207979266,-52.1503539632,1,,,,,,,,False
506,00-0038040,Zamir White,RB,LV,0,0,76.3295111227,128.207979266,-128.207979266,-128.207979266,-51.8784681433,1,,,,,,,,False
507,00-0037745,Velus Jones Jr.,RB,NO,0,0,76.2020076851,128.207979266,-128.207979266,-128.207979266,-52.0059715809,1,,,,,,,,False
508,00-0033854,Dare Ogunbowale,RB,HOU,0,0,75.974546309,128.207979266,-128.207979266,-128.207979266,-52.233432957,1,,,,,,,,False
509,00-0035594,Travis Homer,RB,CHI,0,0,75.9882870028,128.207979266,-128.207979266,-128.207979266,-52.2196922632,1,,,,,,,,False
510,00-0034367,Nyheim Hines,RB,LAC,0,0,76.8957571957,128.207979266,-128.207979266,-128.207979266,-51.3122220703,1,,,,,,,,False
511,00-0035628,D'Ernest Johnson,RB,NE,0,0,75.9494512411,128.207979266,-128.207979266,-128.207979266,-52.2585280249,1,,,,,,,,False
512,00-0036425,DeeJay Dallas,RB,JAX,0,0,75.9955128157,128.207979266,-128.207979266,-128.207979266,-52.2124664503,1,,,,,,,,False
513,00-0033943,Josh Reynolds,WR,NYJ,5.48717768903,0,81.3687026216,134.583314587,-129.096136898,-134.583314587,-53.2146119654,1,,,,,,,,False
514,00-0034983,Hunter Renfrow,WR,CAR,4.95521250607,0,81.067296173,134.583314587,-129.628102081,-134.583314587,-53.516018414,1,,,,,,,,False
515,00-0036620,Dee Eskridge,WR,MIA,3.19037730603,0,79.1590355748,134.583314587,-131.392937281,-134.583314587,-55.4242790122,1,,,,,,,,False
516,00-0036959,Michael Bandy,WR,DEN,2.56393294321,0,78.6286070468,134.583314587,-132.019381644,-134.583314587,-55.9547075402,1,,,,,,,,False
517,00-0038576,Charlie Jones,WR,CIN,2.14442268827,0,77.909344888,134.583314587,-132.438891899,-134.583314587,-56.673969699,1,,,,,,,,False
518,00-0035544,Tom Kennedy,WR,DET,0,0,75.7478240095,134.583314587,-134.583314587,-134.583314587,-58.8354905775,1,,,,,,,,False
519,00-0031763,DeAndre Carter,WR,CLE,0,0,75.7097655148,134.583314587,-134.583314587,-134.583314587,-58.8735490722,1,,,,,,,,False
520,00-0034419,Braxton Berrios,WR,HOU,0,0,75.782347307,134.583314587,-134.583314587,-134.583314587,-58.80096728,1,,,,,,,,False
521,00-0034407,Ray-Ray McCloud,WR,ATL,0,0,76.3457800194,134.583314587,-134.583314587,-134.583314587,-58.2375345676,1,,,,,,,,False
522,00-0034487,Trent Sherfield,WR,DEN,0,0,75.7157750379,134.583314587,-134.583314587,-134.583314587,-58.8675395491,1,,,,,,,,False
523,00-0034272,Marquez Valdes-Scantling,WR,PIT,0,0,76.3020575143,134.583314587,-134.583314587,-134.583314587,-58.2812570727,1,,,,,,,,False
524,00-0038640,Jalen Brooks,WR,ARI,0,0,76.0248907345,134.583314587,-134.583314587,-134.583314587,-58.5584238525,1,,,,,,,,False
525,00-0032951,Laquon Treadwell,WR,IND,0,0,75.8851943899,134.583314587,-134.583314587,-134.583314587,-58.6981201971,1,,,,,,,,False
526,00-0039062,Jonathan Mingo,WR,DAL,0,0,76.4663731502,134.583314587,-134.583314587,-134.583314587,-58.1169414368,1,,,,,,,,False
527,00-0038752,Jake Bobo,WR,SEA,0,0,75.8405063769,134.583314587,-134.583314587,-134.583314587,-58.7428082101,1,,,,,,,,False
528,00-0033572,Jamal Agnew,WR,ATL,0,0,75.7536078253,134.583314587,-134.583314587,-134.583314587,-58.8297067617,1,,,,,,,,False
529,00-0033591,Noah Brown,WR,WAS,0,0,75.9678259574,134.583314587,-134.583314587,-134.583314587,-58.6154886296,1,,,,,,,,False
530,00-0037132,Britain Covey,WR,PHI,0,0,75.7639442401,134.583314587,-134.583314587,-134.583314587,-58.8193703469,1,,,,,,,,False
531,00-0036331,Devin Duvernay,WR,CHI,0,0,75.9921716603,134.583314587,-134.583314587,-134.583314587,-58.5911429267,1,,,,,,,,False
532,00-0036862,Ben Skowronek,WR,PIT,0,0,75.9795097834,134.583314587,-134.583314587,-134.583314587,-58.6038048036,1,,,,,,,,False
533,00-0034418,Cedrick Wilson Jr.,WR,MIA,0,0,75.7623212636,134.583314587,-134.583314587,-134.583314587,-58.8209933234,1,,,,,,,,False
534,00-0036841,Austin Trammell,WR,JAX,0,0,75.7992512015,134.583314587,-134.583314587,-134.583314587,-58.7840633855,1,,,,,,,,False
535,00-0036646,Simi Fehoko,WR,ARI,0,0,75.8123563134,134.583314587,-134.583314587,-134.583314587,-58.7709582736,1,,,,,,,,False
536,00-0034860,Dante Pettis,WR,NO,0,0,75.9544690292,134.583314587,-134.583314587,-134.583314587,-58.6288455578,1,,,,,,,,False
537,00-0037093,Dareke Young,WR,SEA,0,0,75.8433445187,134.583314587,-134.583314587,-134.583314587,-58.7399700683,1,,,,,,,,False
538,00-0035298,Scott Miller,WR,PIT,0,0,76.0555174554,134.583314587,-134.583314587,-134.583314587,-58.5277971316,1,,,,,,,,False
539,00-0036133,James Proche,WR,TEN,0,0,75.7673001877,134.583314587,-134.583314587,-134.583314587,-58.8160143993,1,,,,,,,,False
540,00-0035891,Cody White,WR,SEA,0,0,75.9986974495,134.583314587,-134.583314587,-134.583314587,-58.5846171375,1,,,,,,,,False
541,00-0035876,Andre Baccellia,WR,ARI,0,0,75.7076284483,134.583314587,-134.583314587,-134.583314587,-58.8756861387,1,,,,,,,,False
542,00-0034854,KhaDarel Hodge,WR,ATL,0,0,75.7098322553,134.583314587,-134.583314587,-134.583314587,-58.8734823317,1,,,,,,,,False
543,00-0035602,Alex Bachman,WR,LV,0,0,75.7234669739,134.583314587,-134.583314587,-134.583314587,-58.8598476131,1,,,,,,,,False
544,00-0036176,Mason Kinsey,WR,TEN,0,0,75.7736996436,134.583314587,-134.583314587,-134.583314587,-58.8096149434,1,,,,,,,,False
545,00-0038128,Malik Willis,QB,GB,84.9051557119,5.66505791949,164.145253504,227.064343853,-142.159188141,-221.399285934,-62.919090349,1,,,,,,,,False
546,00-0039376,Spencer Rattler,QB,NO,82.2024037164,0,164.889605087,227.064343853,-144.861940137,-227.064343853,-62.174738766,1,,,,,,,,False
547,00-0040668,Shedeur Sanders,QB,CLE,77.666810633,0,158.642969241,227.064343853,-149.39753322,-227.064343853,-68.421374612,1,,,,,,,,False
548,00-0032950,Carson Wentz,QB,MIN,74.5319707386,0,151.428304684,227.064343853,-152.532373114,-227.064343853,-75.636039169,1,,,,,,,,False
549,00-0035993,Tyler Huntley,QB,BAL,61.6976985143,0,140.528751109,227.064343853,-165.366645339,-227.064343853,-86.535592744,1,,,,,,,,False
550,00-0040234,Quinn Ewers,QB,MIA,60.978948126,0,140.42418596,227.064343853,-166.085395727,-227.064343853,-86.640157893,1,,,,,,,,False
551,00-0040704,Dillon Gabriel,QB,CLE,60.3141791632,0,138.463416563,227.064343853,-166.75016469,-227.064343853,-88.60092729,1,,,,,,,,False
552,00-0041056,Cade Klubnik,QB,NYJ,60.2732156352,23.2771587865,99.7066529529,227.064343853,-166.791128218,-203.787185067,-127.3576909,1,,,,,,,,True
553,00-0036898,Davis Mills,QB,HOU,59.0296292532,0,137.212311521,227.064343853,-168.0347146,-227.064343853,-89.852032332,1,,,,,,,,False
554,00-0029604,Kirk Cousins,QB,ATL,54.4258543462,0,132.254776602,227.064343853,-172.638489507,-227.064343853,-94.809567251,1,,,,,,,,False
555,00-0040206,Riley Leonard,QB,IND,48.5679843007,0,125.026325638,227.064343853,-178.496359552,-227.064343853,-102.038018215,1,,,,,,,,False
556,00-0026158,Joe Flacco,QB,CIN,43.9235956654,0,123.926895236,227.064343853,-183.140748188,-227.064343853,-103.137448617,1,,,,,,,,False
557,00-0035100,Jake Browning,QB,CIN,42.5572531422,0,118.702754926,227.064343853,-184.507090711,-227.064343853,-108.361588927,1,,,,,,,,False
558,00-0033869,Mitchell Trubisky,QB,BUF,38.1065185401,0,113.93781796,227.064343853,-188.957825313,-227.064343853,-113.126525893,1,,,,,,,,False
559,00-0041117,Athan Kaliakmanis,QB,WAS,36.0862677366,11.0520760933,63.2401218633,227.064343853,-190.978076116,-216.01226776,-163.82422199,1,,,,,,,,True
560,00-0038400,Tanner McKee,QB,PHI,30.2195755598,0,106.335280379,227.064343853,-196.844768293,-227.064343853,-120.729063474,1,,,,,,,,False
561,00-0040891,Cole Payton,QB,PHI,28.7965446263,8.8921274722,50.12260897,227.064343853,-198.267799227,-218.172216381,-176.941734883,1,,,,,,,,True
562,00-0029263,Russell Wilson,QB,NYG,28.3613092551,0,105.14271372,227.064343853,-198.703034598,-227.064343853,-121.921630133,1,,,,,,,,False
563,00-0041123,Behren Morton,QB,NWE,27.40539959,7.56956809483,49.0773469038,227.064343853,-199.658944263,-219.494775758,-177.986996949,1,,,,,,,,True
564,00-0039398,Joe Milton III,QB,DAL,26.0271751153,0,101.927770092,227.064343853,-201.037168738,-227.064343853,-125.136573761,1,,,,,,,,False
565,00-0040398,Brady Cook,QB,NYJ,25.7586038927,0,102.252626263,227.064343853,-201.30573996,-227.064343853,-124.81171759,1,,,,,,,,False
566,00-0040906,Garrett Nussmeier,QB,KAN,24.5774042292,6.52638114715,44.1813384424,227.064343853,-202.486939624,-220.537962706,-182.883005411,1,,,,,,,,True
567,00-0041092,Taylen Green,QB,CLE,24.2151571385,6.46695939721,46.3725536019,227.064343853,-202.849186715,-220.597384456,-180.691790251,1,,,,,,,,True
568,00-0037013,Zach Wilson,QB,MIA,23.3828126257,0,100.910049446,227.064343853,-203.681531227,-227.064343853,-126.154294407,1,,,,,,,,False
569,00-0034771,Mason Rudolph,QB,PIT,20.297627558,0,96.3391383301,227.064343853,-206.766716295,-227.064343853,-130.725205523,1,,,,,,,,False
570,00-0037012,Trey Lance,QB,LAC,20.0311309131,0,95.829859158,227.064343853,-207.03321294,-227.064343853,-131.234484695,1,,,,,,,,False
571,00-0040494,Max Brosmer,QB,MIN,16.3790046962,0,92.1008877611,227.064343853,-210.685339157,-227.064343853,-134.963456092,1,,,,,,,,False
572,00-0028118,Tyrod Taylor,QB,NYJ,15.9908636443,0,92.0742894473,227.064343853,-211.073480209,-227.064343853,-134.990054406,1,,,,,,,,False
573,00-0033949,Joshua Dobbs,QB,NE,14.0686130026,0,93.3195338221,227.064343853,-212.99573085,-227.064343853,-133.744810031,1,,,,,,,,False
574,00-0038102,Kenny Pickett,QB,LV,7.54876967285,0,83.5696097383,227.064343853,-219.51557418,-227.064343853,-143.494734115,1,,,,,,,,False
575,00-0035289,Gardner Minshew,QB,KC,0.548097862763,0,76.6845773977,227.064343853,-226.51624599,-227.064343853,-150.379766455,1,,,,,,,,False
576,00-0033662,Cooper Rush,QB,BAL,0,0,76.6825188172,227.064343853,-227.064343853,-227.064343853,-150.381825036,1,,,,,,,,False
577,00-0027973,Andy Dalton,QB,CAR,0,0,76.9987839598,227.064343853,-227.064343853,-227.064343853,-150.065559893,1,,,,,,,,False
578,00-0033319,Nick Mullens,QB,JAX,0,0,75.8279009709,227.064343853,-227.064343853,-227.064343853,-151.236442882,1,,,,,,,,False
