season,team,player_seasons,total_value_above_expected_salary,mean_value_above_expected_salary,median_value_above_expected_salary,total_salary_millions,median_salary_millions,mean_value_score,high_efficiency_players,low_efficiency_players
2018,KC,10,14.0322274057,1.40322274057,0.91951873255,68.577063,2.845108,1.57603232765,6,1
2020,GB,15,14.007935457,0.9338623638,0.947641533116,101.552126,1.173214,0.817977232489,9,0
2022,KC,13,13.041272024,1.00317477108,0.431421353556,131.472222,2.332965,1.22680166109,8,0
2024,BAL,10,11.9165189103,1.19165189103,1.22767020951,127.268624,4.5620915,1.48456966975,8,0
2017,NE,12,11.0800673353,0.923338944605,0.60514497088,117.566041,5.726407,1.0913855255,6,2
2024,DET,11,10.9827579725,0.998432542951,0.533123537196,140.058731,5.977487,1.24995121123,6,0
2016,ATL,11,10.8528393318,0.986621757435,0.805437114052,107.463863,1.691923,1.12459521946,8,0
2023,SF,12,10.8306573899,0.902554782491,0.466696592377,103.311244,2.202486,1.07635179667,6,0
2025,NE,11,10.5003110831,0.954573734832,0.77968229138,73.358289,4.530946,1.16915755999,8,1
2019,BAL,12,10.0528788918,0.837739907654,0.323874053346,50.242215,3.612884,1.02059152378,6,1
2021,KC,13,9.32508607782,0.717314313679,0.712104801095,140.69597,1.998552,0.840064888818,7,1
2018,LA,10,8.90742991543,0.890742991543,0.94201516887,87.04213,2.226657,1.06926568979,7,1
2020,KC,10,8.84234076948,0.884234076948,0.388255039677,145.494009,3.8013915,1.11854800794,4,3
2017,KC,11,8.46919662973,0.769926966339,0.384907769685,73.48526,1.508892,0.86312158258,5,1
2023,MIA,11,8.35969569354,0.759972335777,0.965316470241,95.974829,4.689502,0.945755463112,7,3
2025,DET,11,7.90042983895,0.71822089445,0.562045311031,159.641757,4.717306,0.991191246549,6,1
2018,NO,9,7.7929075525,0.865878616945,0.542698225683,67.001953,2.482507,0.919857979695,5,1
2025,LA,12,7.7391830082,0.64493191735,0.140499695392,108.863654,2.159527,0.850126718846,6,3
2016,NE,9,7.56107706987,0.84011967443,0.741659303641,104.810494,7.856379,1.06365520846,5,1
2019,KC,12,7.13148203451,0.594290169543,0.187224468131,98.462144,3.166488,0.726968223178,4,2
2020,MIN,12,7.05853376545,0.588211147121,0.477026178036,124.483879,1.955928,0.709698118685,5,1
2020,TEN,10,6.93771266088,0.693771266088,0.665377185427,84.666444,1.3504715,0.815649009647,6,2
2018,LAC,10,6.83256111284,0.683256111284,0.860940759333,107.880605,5.2802885,0.921774612937,5,1
2024,CIN,13,6.82731137674,0.525177798211,0.224770872489,133.919362,1.716184,0.618958062062,6,1
2017,PHI,12,6.46781976456,0.53898498038,0.58240238134,85.43746,4.9404455,0.738305002692,6,2
2022,SF,9,6.37566602719,0.708407336354,0.723914834322,103.198206,4.760902,0.979524575757,6,1
2022,CIN,12,6.19747910237,0.516456591864,0.470330698133,80.236453,3.011728,0.638040674128,8,1
2022,PHI,11,6.15678839427,0.559708035843,0.35135101341,82.608948,2.170029,0.802883537133,4,3
2017,NO,10,6.13931920507,0.613931920507,-0.204820494864,44.36863,2.890123,0.688290866858,4,2
2024,TB,12,5.97163121615,0.497635934679,0.251497045065,77.843882,1.512715,0.551465925267,6,0
2021,ARI,12,5.90683253772,0.49223604481,0.544221733539,82.045322,2.182914,0.503248565505,7,3
2020,BAL,11,5.84219067553,0.53110824323,0.146896271996,36.878089,1.697368,0.607835242671,4,1
2018,PIT,12,5.73343667451,0.477786389543,0.418201569741,103.111671,1.661801,0.526847925889,6,2
2024,BUF,13,5.71155438085,0.439350336988,0.442897860359,143.662284,3.066249,0.623993195945,8,2
2021,DAL,11,5.68574885944,0.516886259949,0.628255074794,145.206397,3.602847,0.739533463885,6,2
2016,DAL,8,5.68542014354,0.710677517942,0.588742970291,57.647212,2.584122,0.92167859576,4,1
2021,SF,12,5.62079041145,0.468399200954,0.410977397353,90.767745,1.699923,0.511693595182,6,2
2023,DET,9,5.61235041774,0.62359449086,0.388765887397,39.343519,4.340058,0.808805644212,3,1
2019,NO,11,5.5911061551,0.508282377736,-0.198220641769,119.436424,5.76153,0.669328396616,5,3
2017,LAC,10,5.50236387963,0.550236387963,0.453595977588,109.042959,7.25635,0.789229200892,5,2
2016,WAS,9,5.37321985122,0.597024427914,0.773446153276,106.066782,4.655632,0.886100746448,6,1
2018,ATL,11,5.26664290146,0.478785718314,0.414829572593,108.460761,1.708273,0.640485750188,6,2
2020,SEA,12,5.24811525433,0.437342937861,0.246048572986,105.117852,2.5381895,0.568123835947,4,2
2023,DAL,13,5.21901497138,0.401462690106,0.36316000092,126.865815,1.857443,0.599153671131,6,4
2024,PHI,10,5.12033308957,0.512033308957,0.278354496939,184.956038,10.14121,0.859018076959,5,2
2021,TB,10,5.11551141236,0.511551141236,0.613182410538,132.283558,7.6469045,0.762048526284,5,2
2020,BUF,11,5.07459116329,0.46132646939,0.170430901365,71.787148,1.97558,0.59165739471,4,3
2020,TB,11,5.0667272045,0.460611564045,0.661976344262,92.950105,2.532794,0.46801766528,5,1
2019,LAC,7,5.04594136123,0.72084876589,0.621376897865,41.595938,3.094205,0.809589729323,4,1
2019,DAL,8,5.02992567393,0.628740709241,0.470601257331,46.722742,2.1491185,0.772244485058,5,0
2025,BUF,12,4.99873965318,0.416561637765,0.357549352933,124.996519,3.733896,0.668836407225,5,3
2024,WAS,11,4.87950701807,0.443591547097,0.665526760872,68.017592,2.039908,0.5931340409,6,2
2022,BUF,10,4.86479848329,0.486479848329,0.0651802877029,145.685287,2.646,0.788400802034,4,1
2020,NO,11,4.86040273338,0.441854793944,0.542410012302,116.87574,5.76153,0.591052308328,6,0
2016,NO,8,4.80197220717,0.600246525896,0.732379562936,83.296584,4.668696,0.827370737356,5,0
2019,SF,12,4.74251193507,0.395209327922,0.0355367492776,81.505937,1.9682675,0.461185588994,5,3
2019,MIN,12,4.7014329934,0.391786082783,0.182872305368,124.639343,1.8544175,0.528338944959,4,0
2024,SF,10,4.67893859151,0.467893859151,0.0986848069595,76.678782,1.676118,0.600659498647,4,1
2021,CIN,10,4.58241136944,0.458241136944,0.325268613349,82.561394,6.5314355,0.731739328588,5,2
2017,PIT,11,4.49319628878,0.408472389889,0.516113043162,121.737629,1.89187,0.528950880683,5,1
2025,DAL,12,4.4413526157,0.370112717975,0.122810849086,145.998275,2.839232,0.616113788769,3,2
2021,PHI,9,4.41440751748,0.490489724165,0.375424240749,47.116093,2.144662,0.669361233967,5,1
2022,DET,11,4.38009079886,0.398190072624,0.435453389814,91.288858,3.2441,0.551789642888,6,1
2016,PIT,9,4.31082333513,0.47898037057,0.479465324473,79.949825,1.568758,0.531273066406,4,2
2016,GB,10,4.30987709556,0.430987709556,0.071406449712,116.028662,3.7807675,0.603214958871,4,1
2023,LA,11,4.25201130997,0.386546482725,0.44944004428,120.008223,1.470732,0.466012461119,5,2
2025,GB,12,4.22354183356,0.351961819463,0.0837148018599,108.847773,1.77604,0.496983864029,4,2
2025,SF,12,4.22317607126,0.351931339272,0.634479340836,131.823704,4.045487,0.521267117147,7,3
2021,GB,13,4.2077531877,0.323673322131,0.235063270442,115.114332,2.008189,0.407809799751,5,2
2018,SEA,10,4.14541789511,0.414541789511,0.163121213767,107.68539,4.624541,0.654299663385,3,0
2020,CLE,10,4.0920720884,0.40920720884,0.342727447789,77.247933,3.7161795,0.607691641448,5,2
2019,HOU,12,3.80152373744,0.316793644787,0.56501854565,76.834792,3.440914,0.414139764259,7,2
2023,BAL,11,3.79907583583,0.34537053053,0.134970040266,139.468615,4.534078,0.60960321428,3,1
2016,BUF,11,3.65155608381,0.331959643983,-0.0923174428771,91.586073,2.90977,0.447290008639,2,0
2023,BUF,11,3.61246159271,0.328405599337,0.464120636153,146.221241,2.371548,0.593645233403,7,2
2024,ARI,11,3.54453626806,0.322230569823,0.173662878835,103.01137,1.78853,0.551582914842,2,0
2019,TEN,12,3.51522995969,0.292935829974,0.302904215511,57.351781,1.8467805,0.308237165284,5,2
2022,NYG,9,3.44694085478,0.382993428309,0.296030945964,21.974655,1.509661,0.342854739569,5,0
2023,GB,13,3.40584683359,0.261988217968,0.340394513182,54.402728,1.85501,0.319191603909,7,0
2016,TB,9,3.30555092126,0.367283435696,0.161843933066,44.538476,1.629471,0.433619204413,2,1
2021,TEN,12,3.25397475183,0.271164562652,0.345962998875,118.670522,2.061193,0.348759073605,4,0
2024,LAC,11,3.2525297784,0.295684525309,0.183617888299,96.935555,2.07624,0.41348661152,5,2
2022,MIA,11,3.22469108507,0.293153735006,-0.0988900448966,114.099121,8.75245,0.595125536815,3,4
2021,LA,9,3.15174377641,0.350193752935,-0.0885386470815,120.783935,4.090803,0.634334130316,4,3
2019,GB,11,3.12081258607,0.283710235097,0.0992540279237,114.199438,1.33736,0.382051017584,3,1
2025,CHI,11,3.01110047001,0.273736406365,0.164337363982,93.212929,6.699902,0.562205944873,4,2
2018,NE,10,2.95961600083,0.295961600083,0.220264847063,51.632035,4.886851,0.359088341495,4,1
2018,PHI,10,2.93691181706,0.293691181706,0.251623830199,79.174774,3.659114,0.48391678453,4,1
2021,BUF,9,2.91989194816,0.324432438685,0.282396133952,125.014998,1.860838,0.627074674219,4,2
2023,PHI,10,2.81350257183,0.281350257183,0.147200974907,148.820398,2.9619075,0.541462210572,3,0
2016,CIN,12,2.80727546485,0.233939622071,-0.0475000151374,99.82615,2.0952995,0.351559248848,4,1
2022,JAX,10,2.79519135635,0.279519135635,0.086512972506,96.697453,9.07726,0.63241843022,4,1
2025,ARI,9,2.75677898628,0.306308776254,-0.199994643316,47.906718,1.78853,0.429239286318,3,2
2024,GB,9,2.72007645838,0.302230717598,0.471910187804,91.802065,1.85501,0.539784740838,3,2
2017,LA,11,2.69539865184,0.245036241076,0.147564566251,74.487234,2.725431,0.441047295582,5,3
2025,IND,13,2.6887015155,0.2068231935,-0.156873209499,84.46803,2.373352,0.327587442826,4,2
2017,TB,12,2.68199224422,0.223499353685,0.358827709261,71.066852,2.3663955,0.376238000625,6,1
2024,KC,11,2.64006430609,0.240005846008,0.267975074294,126.481308,2.277758,0.425323183057,5,0
2025,SEA,12,2.6324404301,0.219370035841,-0.005244887329,73.810066,2.3401005,0.2891578864,2,3
2022,CLE,10,2.63173440332,0.263173440332,0.318335558891,91.771907,4.291594,0.500495703417,4,2
2018,SF,12,2.57104976398,0.214254146998,-0.401508630202,44.944773,1.207499,0.140006007595,3,6
2018,IND,11,2.44061591019,0.221874173653,0.0182022093456,106.440228,1.342822,0.359963133963,4,2
2018,CAR,10,2.28805076167,0.228805076167,-0.102575258016,94.112167,4.4983075,0.38029544998,3,2
2019,LV,11,2.25202400596,0.204729455087,0.205079490671,95.765004,3.144582,0.419967862594,4,2
2016,LAC,8,2.23611316762,0.279514145953,-0.0138120508445,78.082202,4.35082,0.459037318253,2,0
2021,SEA,12,2.22987719641,0.185823099701,-0.117060495853,111.384709,1.7344075,0.333387212474,5,3
2020,HOU,10,2.21137442612,0.221137442612,0.392928335774,141.119593,6.8157375,0.378323339289,5,2
2021,IND,10,2.15675862328,0.215675862328,-0.0770048711279,106.559225,5.584991,0.55045804635,2,2
2017,ATL,10,2.0391850332,0.20391850332,0.0659667436306,128.891641,6.0835185,0.512032300975,3,2
2020,SF,11,1.96130203841,0.17830018531,0.174027220233,46.178793,1.595661,0.110022945427,5,2
2018,TB,11,1.95106899886,0.177369908988,0.384200428425,95.173758,5.002651,0.340486002988,6,2
2023,HOU,13,1.83474894429,0.141134534176,0.449863004629,55.559199,2.918752,0.223028869826,7,4
2016,IND,11,1.8319320917,0.166539281063,0.154412698838,111.86064,3.241484,0.399226934024,3,2
2025,DEN,11,1.81952845041,0.16541167731,0.0680657062586,58.835884,2.032777,0.317140253361,2,1
2021,CLE,11,1.75939306205,0.159944823823,0.434961382688,96.000379,3.923852,0.369925548164,7,2
2022,ATL,13,1.72574339609,0.132749492007,0.0975089099286,57.8702,1.717939,0.188236353477,5,1
2025,KC,12,1.68570496007,0.140475413339,0.255329211577,117.345827,1.8969315,0.295111627611,5,3
2016,DET,8,1.52600711706,0.190750889632,-0.0399363988921,53.20588,6.134811,0.364907996231,3,1
2019,PHI,9,1.43859971575,0.159844412862,-0.159932959782,101.272818,2.144662,0.295280521426,2,1
2016,LV,12,1.34123915594,0.111769929662,0.0843609473902,48.855748,1.5723575,0.210736959937,3,2
2021,BAL,11,1.31602785125,0.119638895568,-0.142003362635,55.736839,1.774192,0.187588436212,1,3
2021,LAC,12,1.26276592072,0.105230493393,-0.0180433012624,71.526587,1.812271,0.245553262743,3,2
2020,NE,9,1.08933619772,0.121037355302,0.0370457445992,20.668205,2.431483,0.0305286183951,3,2
2019,SEA,10,1.08677183679,0.108677183679,0.0833103685333,88.497106,1.672167,0.162700147483,3,3
2023,IND,12,1.08234265073,0.0901952208943,0.113730183734,48.547417,1.7882305,0.186977695891,4,0
2021,NE,11,1.06767993582,0.0970618123474,0.292792811543,87.2423,4.040412,0.331930751078,4,3
2020,IND,9,1.02634980804,0.11403886756,0.00990745314542,61.835563,1.405701,0.15534150066,2,2
2016,MIA,10,1.00780989253,0.100780989253,0.103775951541,58.551046,1.6241785,0.217277178037,2,2
2018,GB,10,0.895916642636,0.0895916642636,-0.104666583545,131.015024,2.5784545,0.304762531522,2,3
2025,NYG,9,0.881302689653,0.0979225210725,-0.0468777767692,33.96603,1.610564,0.212226079194,2,1
2023,KC,12,0.867535354514,0.0722946128762,-0.209160015212,127.495419,2.3053615,0.277438773257,3,4
2022,SEA,11,0.825430412902,0.0750391284457,0.277845272398,96.309349,3.053079,0.296499658914,4,2
2016,CHI,7,0.798122405824,0.114017486546,0.494283800483,50.005044,1.507914,0.1832951445,3,2
2022,LAC,12,0.689213682999,0.0574344735833,0.151936143078,99.569704,2.30397,0.203243047107,4,2
2017,JAX,11,0.620883976099,0.0564439978272,0.174330097425,73.897033,3.107952,0.218191196604,2,1
2016,SEA,11,0.574805348764,0.0522550317059,0.00205113504661,110.358176,1.744151,0.208679307986,4,3
2023,MIN,10,0.568251574917,0.0568251574917,0.0567590409635,53.691486,3.173258,0.213860577444,4,3
2024,ATL,10,0.561166530514,0.0561166530514,0.105498984965,109.292958,6.0363185,0.389083656706,4,3
2017,SEA,12,0.557743402672,0.0464786168893,0.019318976035,112.352771,2.206198,0.170406409425,4,3
2017,MIN,10,0.505761954592,0.0505761954592,0.192534457948,57.058237,4.2126355,0.212581376062,5,4
2022,BAL,10,0.467336891309,0.0467336891309,0.108579289927,42.835619,1.6990785,0.0806974062109,3,3
2017,DET,9,0.4582028445,0.0509114271667,-0.186929188242,99.333655,6.935044,0.332245949003,4,2
2024,MIA,11,0.352699159009,0.0320635599099,-0.24414549421,155.555665,4.870619,0.282141898839,4,4
2023,CIN,14,0.299404735466,0.0213860525333,-0.171179625858,112.41789,1.582502,0.0436416426824,5,3
2016,TEN,11,0.287693609308,0.0261539644825,-0.108857512635,75.455828,7.761494,0.204721676046,3,2
2016,MIN,9,0.285167059108,0.0316852287898,-0.199933872503,65.611448,1.629471,0.191853749912,3,3
2022,LV,11,0.264002126679,0.0240001933345,0.0791513176315,164.240158,3.623948,0.267319035821,1,1
2018,NYG,11,0.187576014272,0.0170523649338,0.0834129274279,111.194772,2.88289,0.111596059264,2,2
2018,DAL,11,0.175146107352,0.0159223733956,-0.0153266184362,51.062437,1.497493,0.112179231505,3,2
2019,ATL,11,0.166636376454,0.0151487614958,0.325604407962,118.023053,2.046878,0.132731306352,4,2
2024,MIN,12,0.055147162176,0.004595596848,-0.267317649322,108.446146,3.479148,0.243034639472,4,2
2023,CHI,11,0.044408850523,0.00403716822936,-0.345964358302,70.114973,1.955168,0.142269562335,2,2
2020,LV,12,0.0407883246744,0.0033990270562,-0.0973299560499,90.064948,3.915814,0.126346578646,4,4
2025,WAS,13,0.0334390137213,0.00257223182472,-0.0257769762287,66.74194,1.44289,-0.0509993230025,4,2
2023,SEA,10,-0.0248813512644,-0.00248813512644,-0.0278647100102,122.682423,3.941182,0.354309957739,2,0
2019,TB,11,-0.0970913923923,-0.00882649021748,-0.189045943792,63.166431,3.00517,0.106481620795,2,3
2016,ARI,9,-0.251042619665,-0.0278936244072,-0.150813772025,84.517567,1.58464,0.144859075414,1,2
2019,NE,13,-0.30000665913,-0.0230774353177,-0.0139502865688,96.895026,4.090803,0.050656095408,3,2
2025,BAL,14,-0.31750152933,-0.0226786806664,-0.178121167411,137.267594,2.9017265,0.134595686196,2,3
2025,JAX,11,-0.354612389665,-0.0322374899695,-0.159294593301,114.450688,2.696991,0.150601836134,2,3
2019,CAR,9,-0.400412402843,-0.0444902669826,-0.258710618517,38.388971,2.909944,-0.00150851171186,2,3
2020,LAC,13,-0.422754976688,-0.0325196135914,0.077760221746,84.480482,1.381125,0.0517952523984,3,3
2021,MIN,9,-0.476691193053,-0.052965688117,0.0858187880939,107.724261,1.860838,0.218410373103,2,3
2018,CLE,11,-0.508897598132,-0.046263418012,0.189265769409,70.046273,3.137399,0.0963695607891,2,3
2020,MIA,14,-0.511239550677,-0.0365171107626,-0.114526717157,64.757616,2.287442,-0.0585251300595,4,4
2025,LAC,12,-0.519698691628,-0.0433082243023,-0.126574412552,100.316673,2.5276615,0.0401380285232,3,4
2016,KC,12,-0.527971879945,-0.0439976566621,-0.560667770455,96.378936,2.178711,0.10301055609,2,6
2022,TEN,10,-0.537553491732,-0.0537553491732,-0.273982132682,113.554692,5.130236,0.218292503677,3,4
2024,PIT,12,-0.573155839739,-0.0477629866449,-0.0532741837802,43.535032,1.658825,-0.0188497930691,3,3
2019,DET,9,-0.575611836014,-0.0639568706683,-0.256769630131,93.493905,7.201913,0.13704668693,3,3
2025,PIT,14,-0.599597609819,-0.0428284007014,-0.0355257366565,101.808005,2.179169,0.109085867543,4,4
2018,CIN,11,-0.623356828944,-0.0566688026312,-0.286277913553,98.505146,2.457469,0.0306151309054,3,2
2019,DEN,9,-0.682339928574,-0.0758155476193,-0.33365833298,20.846526,1.189801,-0.080982028186,2,4
2023,TEN,11,-0.686090036672,-0.0623718215156,-0.110322228062,99.268994,1.839157,0.0303417161319,2,1
2017,HOU,10,-0.692183862736,-0.0692183862736,-0.038023405641,56.04512,1.448494,-0.112293711553,2,2
2017,CAR,12,-0.782126511163,-0.0651772092635,-0.0770237089438,87.994989,3.83744,0.0377758083661,3,2
2018,HOU,8,-0.892091835646,-0.111511479456,0.0967379113161,57.718879,3.4532895,0.0492406968447,3,3
2016,CLE,10,-0.970710170064,-0.0970710170064,-0.48595016693,33.343735,1.63772,-0.0425079818534,3,1
2020,ATL,13,-1.03626636875,-0.0797127975958,-0.182260602057,114.792392,1.595661,-0.00412633950023,3,4
2025,MIA,12,-1.11428718511,-0.0928572654259,-0.253296637324,110.950684,1.3896865,-0.0650750009113,3,5
2017,SF,12,-1.17012432427,-0.0975103603556,0.180637407003,50.4171,1.6505485,-0.0792495270061,3,3
2019,JAX,7,-1.19302492151,-0.170432131645,-0.0379786722703,22.429959,1.387037,-0.0914180530562,3,2
2018,BAL,13,-1.24988962654,-0.0961453558875,-0.331402352569,87.794036,2.129893,-0.0138985574529,3,5
2017,WAS,9,-1.32155036066,-0.146838928962,-0.251470912095,82.657119,4.873692,0.0314921679216,2,3
2016,PHI,12,-1.39653479392,-0.116377899493,-0.220714255183,69.158726,3.936584,0.0276219532617,2,3
2018,CHI,10,-1.41024793461,-0.141024793461,-0.047101250285,72.165552,2.758245,0.0080450010259,4,3
2018,LV,10,-1.58059654003,-0.158059654003,0.0193208769215,90.953834,4.1219525,0.0015664762864,1,4
2019,LA,11,-1.59547198803,-0.145042908003,-0.331956539788,140.638238,2.725431,0.125995749621,3,3
2020,ARI,11,-1.66151464598,-0.151046785999,-0.182817069822,95.596227,1.852441,-0.0594314234022,2,5
2019,CLE,11,-1.67085502256,-0.151895911142,-0.0644699720813,84.828038,1.760468,-0.0478865221875,2,3
2019,IND,13,-1.67848245538,-0.129114035029,-0.000277635963906,108.062245,1.147875,-0.0638665525798,2,4
2020,DET,9,-1.75662588885,-0.195180654316,-0.113593607089,96.098659,7.598385,0.00408317724957,0,2
2023,TB,8,-1.76354536926,-0.220443171157,-0.196228964884,43.396084,1.6437775,-0.0221066567488,1,4
2020,JAX,10,-1.79527798037,-0.179527798037,-0.11719554662,27.081516,1.835148,-0.17088506379,1,2
2025,HOU,11,-1.87293670268,-0.17026697297,0.0150242159287,94.344766,2.696991,0.0594426264082,4,4
2025,ATL,10,-1.90880176464,-0.190880176464,-0.390845977248,100.1395,4.856608,-0.12691911282,2,3
2022,GB,12,-1.93312270244,-0.161093558537,-0.292485095857,122.744763,3.0092925,-0.00183177312941,3,4
2017,NYJ,10,-1.99866890816,-0.199866890816,-0.079193279635,47.304738,4.0126105,-0.147169259557,3,4
2021,DEN,11,-2.0068286907,-0.182438971881,0.0620917453941,92.663774,5.037628,0.062143184176,3,4
2017,BUF,10,-2.09368335531,-0.209368335531,-0.113764720483,75.311526,2.9295535,-0.126172563723,2,2
2025,PHI,11,-2.10030831743,-0.190937119766,-0.321727126319,181.480915,5.442561,0.120207599012,4,4
2021,MIA,11,-2.12377288486,-0.19307026226,-0.114475770772,61.200698,2.809695,-0.0965114367928,3,2
2017,GB,13,-2.15806208836,-0.166004776028,-0.266037421478,95.959132,1.549723,-0.122776169055,3,4
2017,DAL,11,-2.22565915689,-0.202332650627,-0.0970160989689,82.635618,5.334578,0.000548887369927,3,4
2023,NO,11,-2.2302378059,-0.202748891445,-0.12103517011,132.53456,6.970086,0.0326504283761,2,3
2022,DAL,11,-2.24098716092,-0.203726105538,-0.670369116408,136.342725,1.717939,0.0168200306543,2,6
2023,DEN,10,-2.24262195738,-0.224262195738,-0.160799006143,118.035234,2.845406,0.0179347020753,3,3
2020,WAS,9,-2.29635072455,-0.255150080505,-0.374194104464,55.921627,1.874005,-0.231791479912,1,4
2017,CHI,9,-2.30437367997,-0.256041519997,0.111273434375,43.59578,3.607186,-0.234979258552,1,4
2017,LV,11,-2.32276910503,-0.21116082773,-0.320983423387,116.644451,8.116168,0.0747606832045,1,4
2022,MIN,12,-2.3679856028,-0.197332133567,-0.260251762215,119.229281,3.652801,0.0682050008609,2,4
2019,ARI,13,-2.43597223033,-0.187382479256,-0.0563722092863,72.310074,1.852441,-0.140947472224,2,5
2020,CIN,9,-2.46630008555,-0.274033342839,-0.552321757003,77.647078,3.300278,-0.0522587585011,2,5
2019,BUF,12,-2.55426040081,-0.212855033401,-0.245210135594,62.95477,3.440914,-0.17541142123,1,4
2024,SEA,12,-2.58731745078,-0.215609787565,-0.230248248332,117.706024,3.413462,-0.00702722998572,1,4
2023,ARI,11,-2.62806847637,-0.238915316033,-0.335100465794,95.623848,2.278407,-0.193695439906,3,4
2020,CAR,8,-2.66658383492,-0.333322979366,-0.147961398222,63.874938,3.8285615,-0.120163552827,1,4
2018,TEN,12,-2.71350299413,-0.226125249511,-0.285248526243,47.766115,1.720405,-0.221516926994,2,3
2024,NO,14,-2.80095653051,-0.200068323608,-0.0980691471619,119.114113,4.3749975,-0.198324590296,2,4
2021,LV,11,-2.86729899572,-0.260663545066,-0.120569277806,93.675686,4.774628,-0.0901487419327,1,3
2022,PIT,13,-2.8771291442,-0.221317626477,-0.384439512817,55.286979,2.442074,-0.09402200531,3,6
2020,NYG,10,-2.88180100382,-0.288180100382,-0.152534871916,54.786965,1.97558,-0.201079809237,1,2
2022,NO,11,-2.90385613547,-0.263986921406,0.182678837114,67.617884,4.340058,-0.20166688605,4,4
2021,DET,10,-2.92098788456,-0.292098788456,-0.249116279148,82.396318,3.0661595,-0.170993589379,2,4
2019,NYG,10,-2.92768988462,-0.292768988462,-0.403440394092,74.088478,6.474571,-0.227063482877,1,4
2024,LA,12,-2.95545546298,-0.246287955248,-0.375285188991,122.641415,1.874719,-0.0947383046893,1,4
2018,DEN,12,-3.09643313892,-0.25803609491,-0.216359503668,93.30975,1.368976,-0.184197108324,0,4
2022,CHI,11,-3.12289750189,-0.283899772899,-0.389653912595,30.98812,1.808357,-0.234666132216,1,3
2024,DEN,13,-3.2809979118,-0.252384454754,-0.0505467381379,45.927276,1.441678,-0.147682603443,3,3
2021,WAS,12,-3.29402775695,-0.274502313079,-0.382608972873,25.131913,1.8039665,-0.267514485303,2,6
2024,NYJ,12,-3.31483591315,-0.276236326096,-0.211558101435,144.49454,5.347091,-0.0210238867421,2,4
2021,NO,11,-3.32309906493,-0.302099914994,-0.00574436680365,52.007353,1.45353,-0.321715296316,3,4
2025,CAR,12,-3.33613276319,-0.278011063599,-0.210283972766,49.652607,2.2269455,-0.107049152383,1,3
2016,CAR,8,-3.38787407083,-0.423484258854,-0.114255209731,98.82716,6.0338385,-0.171118980766,1,3
2017,CIN,9,-3.40611857648,-0.378457619609,-0.575556595768,94.369565,2.457469,-0.119063308045,1,3
2022,LA,11,-3.50377547681,-0.318525043346,-0.408175011967,143.524929,2.345258,-0.208901263467,0,5
2024,HOU,13,-3.52919093836,-0.271476226028,-0.33254247806,115.8514,2.918752,-0.108155036548,3,5
2018,MIN,9,-3.5391904265,-0.393243380722,-0.72872577792,115.289376,6.799097,-0.0758055766805,2,5
2025,NO,12,-3.59100111834,-0.299250093195,-0.198543069867,53.750952,2.178458,-0.34504462741,3,4
2024,CAR,12,-3.67279703474,-0.306066419562,-0.360083332867,57.275261,2.4996545,-0.222986365211,2,6
2024,NE,10,-3.67569225944,-0.367569225944,-0.115960702399,55.137544,3.9802275,-0.146309911926,2,3
2018,MIA,12,-3.72476020432,-0.310396683693,-0.38282943031,83.501685,1.7590165,-0.285705107429,1,5
2025,NYJ,12,-3.7449252337,-0.312077102808,-0.504926689734,46.944276,2.157593,-0.318479526194,1,6
2020,PIT,12,-3.83044321919,-0.319203601599,-0.256383984033,85.932155,1.8023555,-0.218405857987,2,6
2022,CAR,12,-3.84293761263,-0.320244801052,-0.366257101104,77.318504,2.198331,-0.171816811313,1,3
2016,NYG,10,-3.91247088856,-0.391247088856,-0.300981633488,84.992087,4.272272,-0.222303910068,1,4
2022,DEN,12,-3.91269927442,-0.326058272868,-0.350550542039,120.048335,1.9890375,-0.281975072777,3,5
2017,IND,10,-4.01495355031,-0.401495355031,-0.257455049618,59.874736,1.622105,-0.328190483935,1,4
2025,CIN,14,-4.03563180855,-0.288259414896,-0.381642529131,178.739889,2.4542625,-0.187779980028,2,7
2021,ATL,11,-4.06668324804,-0.369698477095,-0.130116980178,88.344835,2.97074,-0.233470750773,1,3
2018,WAS,11,-4.11420122251,-0.374018292956,-0.497667964352,86.384845,1.725271,-0.401913151403,1,5
2017,NYG,12,-4.18528985195,-0.348774154329,-0.16315604076,74.915201,1.627663,-0.31879419085,1,3
2018,DET,9,-4.24669291511,-0.471854768346,-0.948569378328,87.917877,3.399549,-0.349066166948,2,5
2019,MIA,11,-4.33153113522,-0.393775557747,-0.295073924792,60.716185,2.809695,-0.355990367679,1,5
2019,WAS,9,-4.36603137123,-0.485114596803,-0.665174751579,36.704568,1.253422,-0.459960973752,1,5
2023,LAC,12,-4.4522730833,-0.371022756942,-0.187667595402,134.670194,1.887255,-0.215866346926,2,4
2022,NE,11,-4.45688449496,-0.405171317724,-0.371276299983,90.988927,5.76649,-0.220417721489,2,5
2024,CHI,9,-4.48600014878,-0.498444460976,-0.510424412704,89.670567,7.075959,-0.208858240251,1,5
2020,LA,10,-4.5166541167,-0.45166541167,-0.757133218652,125.047438,2.5353445,-0.148555704538,1,6
2024,JAX,14,-4.55842016675,-0.325601440482,-0.339836139762,155.198766,4.667182,-0.197946284578,2,6
2025,TB,13,-4.71742798995,-0.36287907615,-0.401829110665,104.524077,1.618195,-0.280604184244,1,3
2020,DAL,10,-4.76963109027,-0.476963109027,-0.295669412177,72.855454,2.040472,-0.331829600955,2,3
2024,LV,10,-4.79231247933,-0.479231247933,-0.334433096311,48.557107,2.2702035,-0.426444974521,3,5
2017,BAL,13,-4.81318284183,-0.370244833987,-0.310884321858,86.51482,2.164311,-0.297142555151,2,4
2023,JAX,11,-5.01255132221,-0.455686483838,-0.439972116953,91.936948,5.321796,-0.293587959778,0,4
2017,ARI,9,-5.17568513725,-0.575076126362,-0.403717112835,47.832685,1.632251,-0.546094530526,1,4
2020,CHI,13,-5.27172767068,-0.40551751313,-0.56900770953,82.807605,2.507467,-0.318977686798,1,7
2021,PIT,11,-5.40595681348,-0.491450619408,-0.521858605757,51.837966,1.912819,-0.399038078892,2,6
2020,PHI,12,-5.54677481632,-0.462231234693,-0.325887502265,86.784223,1.867122,-0.456536452993,3,6
2023,PIT,11,-5.6453308565,-0.513211896046,-0.647982501558,59.370228,2.442074,-0.392578739889,1,5
2023,LV,11,-5.69756943736,-0.517960857942,-0.212862770497,109.959097,3.119738,-0.268526431289,1,3
2022,TB,12,-5.75726833637,-0.479772361364,-0.378868924968,105.527668,3.8210595,-0.303095703086,0,4
2016,DEN,8,-5.76015134321,-0.720018917901,-0.281168879381,64.594219,1.908237,-0.607156550462,0,3
2019,CIN,8,-5.82096299686,-0.727620374607,-0.879647308838,91.462662,7.9798505,-0.38530825138,1,6
2017,MIA,11,-5.85469329427,-0.532244844933,-0.687159369862,64.563062,3.241056,-0.418179866931,1,6
2019,CHI,9,-5.87648588137,-0.652942875708,-0.0619382059662,75.296292,8.002125,-0.481107801612,1,4
2022,ARI,12,-5.89684384586,-0.491403653821,-0.536118932748,137.116512,3.786578,-0.389827117657,0,6
2021,CHI,12,-5.97728437325,-0.498107031104,-0.620670188096,83.590359,2.677282,-0.404143099779,1,7
2022,WAS,15,-6.18586060353,-0.412390706902,-0.259318408281,146.877467,3.746916,-0.320652716376,2,7
2019,PIT,12,-6.57227918209,-0.547689931841,-0.531045902758,28.531288,1.457101,-0.640228660732,0,5
2023,ATL,12,-6.62376977714,-0.551980814762,-0.372076750684,60.11939,2.740712,-0.3883489191,1,4
2016,NYJ,10,-6.6645469583,-0.66645469583,-0.655803862937,65.245994,2.138297,-0.581249704428,0,6
2016,SF,10,-6.67285142517,-0.667285142517,-0.446650243839,74.051441,1.866655,-0.563868086554,0,4
2016,BAL,11,-6.69394591875,-0.608540538068,-0.6688765197,93.333511,4.575038,-0.390883015472,2,6
2021,JAX,13,-6.70333394022,-0.515641072325,-0.403205463549,59.600226,2.923885,-0.487689127771,1,6
2024,NYG,12,-6.71307752509,-0.559423127091,-0.399983512445,37.54712,1.643686,-0.512174370382,1,5
2024,TEN,13,-6.8568760265,-0.527452002038,-0.0860532142663,57.131537,1.839157,-0.512336395226,0,4
2022,NYJ,10,-6.8927159533,-0.68927159533,-0.73383335695,81.185469,8.0569565,-0.420128772705,1,6
2021,NYJ,14,-6.91333216738,-0.493809440527,-0.447631585631,75.696313,2.682594,-0.456367800783,0,6
2024,CLE,12,-6.94297275453,-0.578581062878,-0.289011271654,63.055505,2.246014,-0.583675265525,1,5
2025,MIN,12,-6.97723007471,-0.581435839559,-0.446689631715,113.805685,6.1053655,-0.357905200393,1,5
2020,DEN,10,-6.98101480329,-0.698101480329,-0.890020999696,37.632028,2.7583045,-0.652513893911,1,6
2016,HOU,13,-6.99821795075,-0.53832445775,-0.546737790534,69.726226,1.510221,-0.495219962853,0,5
2020,NYJ,13,-7.05316432954,-0.542551102272,-0.414423356414,55.283425,1.535005,-0.608828051661,1,5
2024,DAL,14,-7.11184947114,-0.507989247938,-0.561873228143,143.086146,1.718048,-0.438273038319,2,8
2017,TEN,12,-7.13161587206,-0.594301322672,-0.495927116115,78.248397,4.95988,-0.426467213731,0,6
2021,NYG,10,-7.26554693726,-0.726554693726,-0.626224841955,81.151661,5.0996685,-0.633139824429,0,6
2024,IND,13,-7.43894971558,-0.572226901198,-0.686874579426,84.127634,2.177652,-0.414655427728,2,7
2023,WAS,13,-7.52751608982,-0.579039699217,-0.345622462001,86.155756,1.824598,-0.394921612549,0,6
2023,NYG,14,-7.5628007803,-0.540200055736,-0.355155599338,76.121568,1.880041,-0.501359504793,1,5
2018,NYJ,12,-7.89440035026,-0.657866695855,-0.737514469074,59.981685,1.5279625,-0.606455607969,1,8
2017,DEN,13,-8.38239654678,-0.644799734368,-0.584817301265,80.485616,1.548151,-0.605018825205,0,5
2018,JAX,10,-8.47679580612,-0.847679580612,-0.829551765866,76.801099,2.4988875,-0.708340319752,1,7
2022,HOU,10,-8.83144975162,-0.883144975162,-0.818516371385,48.452866,1.9024115,-0.857291579528,1,8
2025,TEN,10,-8.98419552517,-0.898419552517,-0.527000249797,33.335174,1.481377,-0.741560451937,0,6
2019,NYJ,11,-9.10524544253,-0.827749585685,-0.719812970788,70.489591,4.801275,-0.695914611382,1,7
2016,JAX,12,-9.16493993992,-0.763744994994,-0.752005489054,83.503093,3.0186525,-0.670324406743,1,8
2022,IND,11,-9.41428836392,-0.85584439672,-0.919732435856,80.268401,2.387518,-0.749941941129,1,7
2017,CLE,10,-9.75171682372,-0.975171682372,-1.2514722028,38.183372,1.931547,-0.843896121425,1,8
2021,HOU,13,-9.88280659828,-0.760215892175,-0.688935792761,67.125049,2.640658,-0.722155203311,0,7
2018,BUF,13,-10.0939129053,-0.776454838866,-0.51884861547,60.515723,1.342822,-0.786663174998,1,7
2023,CLE,13,-10.13281804,-0.779447541542,-0.683119525816,72.3298,1.879306,-0.688105873741,1,7
2023,NYJ,11,-10.6641392273,-0.969467202483,-0.946513668154,79.47703,7.433798,-0.74986457798,0,8
2023,CAR,14,-11.2392291716,-0.802802083688,-0.57871599883,69.033433,2.9452665,-0.703622342739,1,7
2023,NE,14,-11.796107035,-0.842579073926,-0.858201495438,76.010959,3.2853765,-0.846661956901,1,10
2021,CAR,12,-12.1363158474,-1.01135965395,-0.802867607195,57.330627,1.855301,-0.899389893231,0,7
2025,CLE,14,-12.3471930401,-0.88194236001,-0.683662841599,58.754483,1.5314715,-0.892049778987,0,11
2016,LA,11,-12.3682344606,-1.12438495096,-0.540142961269,58.343575,1.697366,-1.04311528591,2,5
2025,LV,12,-12.8013527821,-1.06677939851,-0.556531646148,73.86304,1.9076435,-0.981226038371,2,7
2018,ARI,9,-12.9497930721,-1.4388658969,-0.984376055885,50.659061,1.432183,-1.38957138974,0,5
